time [s],UAV_roll [rad],UAV_pitch [rad],UAV_yaw [rad],UAV_x [m],UAV_y [m],UAV_z [m]
177.331000,0.020356,0.023950,0.117519,-0.052034,0.117401,2.339188
177.371000,0.016019,0.025497,0.117647,-0.058900,0.115099,2.338073
177.391000,0.014252,0.025994,0.117582,-0.062324,0.113940,2.337518
177.411000,0.012237,0.026443,0.117540,-0.065705,0.112778,2.336963
177.431000,0.010546,0.026666,0.117436,-0.069067,0.111631,2.336468
177.451000,0.009315,0.026895,0.117271,-0.072342,0.110481,2.336053
177.471000,0.008156,0.027211,0.116968,-0.075573,0.109349,2.335686
177.471000,0.008156,0.027211,0.116968,-0.075573,0.109349,2.335686
177.511000,0.007008,0.028595,0.116159,-0.081809,0.107062,2.335174
177.531000,0.007104,0.029902,0.115667,-0.084814,0.105943,2.335031
177.531000,0.007104,0.029902,0.115667,-0.084814,0.105943,2.335031
177.571000,0.007482,0.033378,0.114812,-0.090570,0.103818,2.334853
177.571000,0.007482,0.033378,0.114812,-0.090570,0.103818,2.334853
177.611000,0.007382,0.038074,0.113401,-0.096040,0.101810,2.334757
177.611000,0.007382,0.038074,0.113401,-0.096040,0.101810,2.334757
177.633000,0.008437,0.040196,0.112722,-0.098939,0.100708,2.334793
177.671000,0.011781,0.043838,0.110861,-0.103658,0.098776,2.335077
177.671000,0.011781,0.043838,0.110861,-0.103658,0.098776,2.335077
177.711000,0.015380,0.046745,0.108536,-0.108282,0.096797,2.335495
177.731000,0.016837,0.047938,0.107227,-0.110435,0.095841,2.335763
177.751000,0.017766,0.049414,0.105908,-0.112495,0.094869,2.336034
177.771000,0.019071,0.050571,0.104488,-0.114423,0.093951,2.336359
177.771000,0.019071,0.050571,0.104488,-0.114423,0.093951,2.336359
177.811000,0.018973,0.052935,0.101524,-0.117978,0.092123,2.337021
177.811000,0.018973,0.052935,0.101524,-0.117978,0.092123,2.337021
177.851000,0.019277,0.053789,0.098228,-0.121088,0.090272,2.337819
177.871000,0.019114,0.053105,0.096492,-0.122525,0.089360,2.338170
177.891000,0.018824,0.051672,0.094635,-0.123862,0.088456,2.338551
177.911000,0.018714,0.050018,0.092781,-0.125117,0.087563,2.338861
177.931000,0.017591,0.047916,0.090860,-0.126287,0.086657,2.339102
177.951000,0.017095,0.045706,0.088837,-0.127361,0.085811,2.339295
177.971000,0.015696,0.043016,0.086745,-0.128357,0.084954,2.339421
177.971000,0.015696,0.043016,0.086745,-0.128357,0.084954,2.339421
178.011000,0.013863,0.038616,0.082731,-0.130084,0.083292,2.339597
178.031000,0.012577,0.036596,0.080620,-0.130826,0.082487,2.339656
178.031000,0.012577,0.036596,0.080620,-0.130826,0.082487,2.339656
178.071000,0.009560,0.033204,0.076470,-0.132104,0.080981,2.339780
178.071000,0.009560,0.033204,0.076470,-0.132104,0.080981,2.339780
178.111000,0.005778,0.030373,0.072240,-0.133180,0.079644,2.339922
178.131000,0.004234,0.028983,0.070084,-0.133652,0.079010,2.340094
178.151000,0.003672,0.027759,0.067790,-0.134112,0.078397,2.340297
178.171000,0.003549,0.026640,0.065572,-0.134527,0.077796,2.340548
178.191000,0.003636,0.025055,0.063400,-0.134903,0.077192,2.340829
178.211000,0.004385,0.023691,0.061262,-0.135252,0.076623,2.341123
178.231000,0.004923,0.022928,0.059130,-0.135596,0.076056,2.341420
178.251000,0.005992,0.022381,0.056933,-0.135934,0.075562,2.341700
178.271000,0.006965,0.021703,0.054574,-0.136254,0.075078,2.341937
178.291000,0.008489,0.021043,0.052228,-0.136556,0.074614,2.342170
178.311000,0.010211,0.020995,0.049686,-0.136805,0.074152,2.342441
178.311000,0.010211,0.020995,0.049686,-0.136805,0.074152,2.342441
178.351000,0.014010,0.023309,0.044781,-0.137368,0.073222,2.342907
178.371000,0.015596,0.024202,0.042221,-0.137672,0.072715,2.343164
178.371000,0.015596,0.024202,0.042221,-0.137672,0.072715,2.343164
178.411000,0.021183,0.024592,0.037271,-0.138223,0.071667,2.343792
178.411000,0.021183,0.024592,0.037271,-0.138223,0.071667,2.343792
178.451000,0.025722,0.025763,0.032087,-0.138835,0.070458,2.344418
178.471000,0.028030,0.026771,0.029494,-0.139175,0.069784,2.344766
178.471000,0.028030,0.026771,0.029494,-0.139175,0.069784,2.344766
178.511000,0.033328,0.027978,0.024506,-0.139810,0.068123,2.345592
178.531000,0.036254,0.028589,0.021924,-0.140134,0.067167,2.346033
178.551000,0.038889,0.029004,0.019158,-0.140489,0.066138,2.346492
178.571000,0.041387,0.028944,0.016454,-0.140851,0.064999,2.346962
178.571000,0.041387,0.028944,0.016454,-0.140851,0.064999,2.346962
178.611000,0.046458,0.028038,0.010246,-0.141507,0.062489,2.348028
178.611000,0.046458,0.028038,0.010246,-0.141507,0.062489,2.348028
178.651000,0.050821,0.028186,0.004404,-0.142175,0.059437,2.349210
178.651000,0.050821,0.028186,0.004404,-0.142175,0.059437,2.349210
178.691000,0.053715,0.027318,-0.000093,-0.142944,0.055823,2.350376
178.711000,0.054255,0.025910,-0.002908,-0.143193,0.053799,2.350900
178.731000,0.053726,0.025238,-0.004720,-0.143587,0.051764,2.351373
178.751000,0.052608,0.024626,-0.006761,-0.143988,0.049650,2.351817
178.771000,0.051123,0.024109,-0.008634,-0.144400,0.047437,2.352206
178.791000,0.049156,0.023657,-0.010577,-0.144809,0.045151,2.352565
178.811000,0.046988,0.023249,-0.012653,-0.145173,0.042775,2.352945
178.831000,0.044279,0.023125,-0.014243,-0.145514,0.040322,2.353341
178.851000,0.041289,0.023623,-0.015866,-0.145834,0.037833,2.353716
178.871000,0.037345,0.024644,-0.017428,-0.146166,0.035273,2.354033
178.871000,0.037345,0.024644,-0.017428,-0.146166,0.035273,2.354033
178.911000,0.029138,0.026000,-0.020080,-0.146868,0.029909,2.354420
178.931000,0.025923,0.026286,-0.021099,-0.147204,0.027129,2.354515
178.951000,0.022825,0.026553,-0.022040,-0.147538,0.024260,2.354520
178.971000,0.019932,0.027246,-0.022844,-0.147880,0.021336,2.354494
178.991000,0.017606,0.027852,-0.023159,-0.148212,0.018328,2.354373
179.011000,0.015798,0.027815,-0.023163,-0.148548,0.015306,2.354193
179.031000,0.014159,0.027694,-0.023059,-0.148853,0.012248,2.353936
179.031000,0.014159,0.027694,-0.023059,-0.148853,0.012248,2.353936
179.071000,0.010052,0.028148,-0.022745,-0.149463,0.006173,2.353223
179.091000,0.008395,0.028440,-0.022241,-0.149742,0.003080,2.352864
179.111000,0.008227,0.028956,-0.021560,-0.150005,0.000004,2.352451
179.131000,0.007527,0.029216,-0.021014,-0.150270,-0.003063,2.351966
179.131000,0.007527,0.029216,-0.021014,-0.150270,-0.003063,2.351966
179.171000,0.006178,0.028871,-0.019283,-0.150795,-0.009198,2.350908
179.171000,0.006178,0.028871,-0.019283,-0.150795,-0.009198,2.350908
179.211000,0.004999,0.027683,-0.016943,-0.151302,-0.015236,2.349727
179.211000,0.004999,0.027683,-0.016943,-0.151302,-0.015236,2.349727
179.231000,0.004461,0.026994,-0.015482,-0.151528,-0.018177,2.349184
179.271000,0.001703,0.025983,-0.012365,-0.152004,-0.023823,2.347966
179.271000,0.001703,0.025983,-0.012365,-0.152004,-0.023823,2.347966
179.311000,-0.001532,0.024217,-0.008609,-0.152511,-0.029225,2.346738
179.331000,-0.003190,0.022958,-0.006662,-0.152777,-0.031817,2.346185
179.331000,-0.003190,0.022958,-0.006662,-0.152777,-0.031817,2.346185
179.371000,-0.006227,0.020775,-0.001754,-0.153232,-0.036788,2.345262
179.391000,-0.009144,0.020508,0.002587,-0.153524,-0.039287,2.344848
179.411000,-0.012191,0.020863,0.006970,-0.153797,-0.041689,2.344505
179.431000,-0.013438,0.021587,0.009752,-0.153979,-0.043856,2.344281
179.451000,-0.014569,0.023149,0.012374,-0.154191,-0.045954,2.344121
179.471000,-0.015136,0.023950,0.015040,-0.154381,-0.047961,2.344058
179.491000,-0.014878,0.023710,0.017618,-0.154608,-0.049871,2.344046
179.511000,-0.014436,0.023393,0.020194,-0.154849,-0.051659,2.344054
179.511000,-0.014436,0.023393,0.020194,-0.154849,-0.051659,2.344054
179.551000,-0.014535,0.023067,0.025209,-0.155425,-0.054984,2.344170
179.571000,-0.013455,0.022647,0.027620,-0.155707,-0.056508,2.344298
179.571000,-0.013455,0.022647,0.027620,-0.155707,-0.056508,2.344298
179.611000,-0.010617,0.021839,0.031920,-0.156291,-0.059316,2.344507
179.611000,-0.010617,0.021839,0.031920,-0.156291,-0.059316,2.344507
179.632000,-0.008586,0.021034,0.033980,-0.156638,-0.060737,2.344618
179.671000,-0.003191,0.018871,0.037499,-0.157324,-0.063235,2.344889
179.671000,-0.003191,0.018871,0.037499,-0.157324,-0.063235,2.344889
179.711000,0.002801,0.018048,0.041037,-0.158368,-0.065494,2.345213
179.711000,0.002801,0.018048,0.041037,-0.158368,-0.065494,2.345213
179.751000,0.008009,0.014615,0.044110,-0.159409,-0.067738,2.345346
179.771000,0.010770,0.012326,0.045432,-0.160025,-0.068851,2.345330
179.771000,0.010770,0.012326,0.045432,-0.160025,-0.068851,2.345330
179.811000,0.015879,0.007599,0.048002,-0.161396,-0.071093,2.345263
179.831000,0.018495,0.005597,0.049148,-0.162134,-0.072250,2.345254
179.831000,0.018495,0.005597,0.049148,-0.162134,-0.072250,2.345254
179.871000,0.024995,0.002406,0.049135,-0.163651,-0.074480,2.345274
179.871000,0.024995,0.002406,0.049135,-0.163651,-0.074480,2.345274
179.911000,0.027960,-0.000381,0.051341,-0.165548,-0.076994,2.345271
179.911000,0.027960,-0.000381,0.051341,-0.165548,-0.076994,2.345271
179.951000,0.029946,-0.003206,0.052794,-0.167764,-0.079708,2.345137
179.971000,0.031186,-0.004320,0.053362,-0.168987,-0.081157,2.345028
179.971000,0.031186,-0.004320,0.053362,-0.168987,-0.081157,2.345028
180.011000,0.032461,-0.006621,0.053800,-0.171710,-0.084287,2.344768
180.011000,0.032461,-0.006621,0.053800,-0.171710,-0.084287,2.344768
180.031000,0.033372,-0.007725,0.053890,-0.173216,-0.085960,2.344555
180.071000,0.034119,-0.009747,0.053931,-0.176528,-0.089501,2.344007
180.091000,0.034015,-0.010533,0.053953,-0.178328,-0.091353,2.343732
180.111000,0.033692,-0.011277,0.053867,-0.180202,-0.093233,2.343431
180.111000,0.033692,-0.011277,0.053867,-0.180202,-0.093233,2.343431
180.131000,0.033441,-0.011748,0.053584,-0.182160,-0.095195,2.343090
180.171000,0.031506,-0.012060,0.052625,-0.186358,-0.099262,2.342318
180.191000,0.030757,-0.012140,0.052101,-0.188583,-0.101393,2.341895
180.211000,0.029689,-0.011776,0.051286,-0.190878,-0.103576,2.341503
180.231000,0.028819,-0.011017,0.050604,-0.193235,-0.105802,2.341077
180.251000,0.027935,-0.009839,0.049793,-0.195607,-0.108007,2.340678
180.271000,0.026467,-0.008149,0.048944,-0.198044,-0.110250,2.340225
180.271000,0.026467,-0.008149,0.048944,-0.198044,-0.110250,2.340225
180.311000,0.020708,-0.004461,0.046452,-0.202796,-0.114982,2.339351
180.331000,0.019031,-0.000818,0.045385,-0.205302,-0.117284,2.338959
180.351000,0.018184,0.004127,0.044412,-0.207912,-0.119507,2.338585
180.371000,0.016570,0.009677,0.043381,-0.210549,-0.121736,2.338212
180.371000,0.016570,0.009677,0.043381,-0.210549,-0.121736,2.338212
180.411000,0.010422,0.019140,0.040148,-0.215634,-0.126312,2.337353
180.431000,0.008347,0.022687,0.038379,-0.218124,-0.128569,2.336937
180.451000,0.006326,0.026080,0.036523,-0.220594,-0.130824,2.336530
180.471000,0.004612,0.029462,0.034774,-0.223012,-0.133077,2.336067
180.491000,0.002117,0.033248,0.034227,-0.225432,-0.135417,2.335597
180.511000,-0.000112,0.037536,0.033938,-0.227770,-0.137706,2.335133
180.531000,-0.001321,0.041568,0.032396,-0.229916,-0.139830,2.334680
180.531000,-0.001321,0.041568,0.032396,-0.229916,-0.139830,2.334680
180.571000,-0.005474,0.049128,0.029194,-0.233903,-0.143803,2.333791
180.591000,-0.008256,0.052777,0.027595,-0.235727,-0.145644,2.333368
180.611000,-0.010807,0.055926,0.025886,-0.237403,-0.147364,2.333022
180.611000,-0.010807,0.055926,0.025886,-0.237403,-0.147364,2.333022
180.631000,-0.012871,0.058957,0.024315,-0.238956,-0.149025,2.332703
180.671000,-0.016461,0.063006,0.021094,-0.241640,-0.152050,2.332185
180.671000,-0.016461,0.063006,0.021094,-0.241640,-0.152050,2.332185
180.711000,-0.018422,0.065498,0.017819,-0.243701,-0.154582,2.331641
180.731000,-0.019452,0.066465,0.016352,-0.244464,-0.155637,2.331344
180.751000,-0.020619,0.066953,0.014421,-0.245037,-0.156556,2.331055
180.771000,-0.021317,0.067355,0.012626,-0.245445,-0.157388,2.330842
180.771000,-0.021317,0.067355,0.012626,-0.245445,-0.157388,2.330842
180.811000,-0.022614,0.066122,0.009024,-0.245468,-0.158907,2.330436
180.811000,-0.022614,0.066122,0.009024,-0.245468,-0.158907,2.330436
180.831000,-0.022256,0.066078,0.007478,-0.245297,-0.159443,2.330286
180.871000,-0.019886,0.065933,0.004350,-0.244443,-0.160159,2.329839
180.871000,-0.019886,0.065933,0.004350,-0.244443,-0.160159,2.329839
180.911000,-0.017164,0.064335,0.001701,-0.242910,-0.160482,2.329304
180.931000,-0.014976,0.063370,0.000525,-0.241887,-0.160549,2.329167
180.931000,-0.014976,0.063370,0.000525,-0.241887,-0.160549,2.329167
180.971000,-0.010132,0.060090,-0.001701,-0.239412,-0.160434,2.328930
180.971000,-0.010132,0.060090,-0.001701,-0.239412,-0.160434,2.328930
181.011000,-0.003309,0.055485,-0.005929,-0.236267,-0.159757,2.328701
181.011000,-0.003309,0.055485,-0.005929,-0.236267,-0.159757,2.328701
181.031000,-0.001832,0.053020,-0.006144,-0.234562,-0.159452,2.328574
181.071000,0.000373,0.047606,-0.006223,-0.230793,-0.158579,2.328360
181.091000,0.001572,0.044692,-0.005877,-0.228727,-0.158069,2.328271
181.111000,0.002740,0.041969,-0.005682,-0.226527,-0.157508,2.328240
181.131000,0.002953,0.039255,-0.005435,-0.224221,-0.156868,2.328187
181.151000,0.002838,0.037021,-0.005064,-0.221861,-0.156200,2.328147
181.171000,0.003180,0.034877,-0.004690,-0.219398,-0.155458,2.328178
181.171000,0.003180,0.034877,-0.004690,-0.219398,-0.155458,2.328178
181.211000,0.002503,0.029690,-0.003362,-0.214342,-0.153822,2.328333
181.211000,0.002503,0.029690,-0.003362,-0.214342,-0.153822,2.328333
181.251000,0.001407,0.025089,-0.002119,-0.209022,-0.151903,2.328791
181.271000,0.000137,0.023317,-0.001627,-0.206270,-0.150837,2.329141
181.291000,-0.001586,0.021994,-0.001177,-0.203483,-0.149683,2.329600
181.311000,-0.003055,0.020720,-0.000601,-0.200652,-0.148473,2.330128
181.311000,-0.003055,0.020720,-0.000601,-0.200652,-0.148473,2.330128
181.351000,-0.005542,0.019069,0.000594,-0.194903,-0.145851,2.331291
181.371000,-0.006886,0.018839,0.001017,-0.191988,-0.144450,2.331967
181.371000,-0.006886,0.018839,0.001017,-0.191988,-0.144450,2.331967
181.411000,-0.008043,0.018699,0.002163,-0.186157,-0.141491,2.333441
181.411000,-0.008043,0.018699,0.002163,-0.186157,-0.141491,2.333441
181.451000,-0.009174,0.019064,0.003079,-0.180303,-0.138218,2.335054
181.471000,-0.009238,0.019255,0.003444,-0.177361,-0.136453,2.335875
181.471000,-0.009238,0.019255,0.003444,-0.177361,-0.136453,2.335875
181.511000,-0.009259,0.019189,0.004289,-0.171432,-0.132620,2.337585
181.531000,-0.009770,0.019534,0.004674,-0.168486,-0.130577,2.338406
181.551000,-0.010224,0.019590,0.004969,-0.165539,-0.128434,2.339234
181.571000,-0.009980,0.019647,0.005270,-0.162571,-0.126244,2.340077
181.571000,-0.009980,0.019647,0.005270,-0.162571,-0.126244,2.340077
181.611000,-0.008675,0.019933,0.005462,-0.156740,-0.121709,2.341750
181.611000,-0.008675,0.019933,0.005462,-0.156740,-0.121709,2.341750
181.631000,-0.007364,0.019630,0.005537,-0.153878,-0.119361,2.342561
181.671000,-0.004427,0.017426,0.005912,-0.148232,-0.114482,2.344122
181.691000,-0.002661,0.016372,0.006185,-0.145453,-0.111907,2.344873
181.711000,-0.001880,0.015048,0.006316,-0.142662,-0.109306,2.345614
181.711000,-0.001880,0.015048,0.006316,-0.142662,-0.109306,2.345614
181.731000,-0.000544,0.014137,0.006630,-0.139900,-0.106637,2.346373
181.771000,0.001909,0.011908,0.007117,-0.134390,-0.101180,2.347823
181.791000,0.003752,0.011291,0.007477,-0.131667,-0.098393,2.348517
181.811000,0.005277,0.010720,0.007651,-0.128963,-0.095590,2.349208
181.811000,0.005277,0.010720,0.007651,-0.128963,-0.095590,2.349208
181.851000,0.008512,0.009756,0.007875,-0.123695,-0.089909,2.350547
181.871000,0.009662,0.008724,0.007958,-0.121124,-0.087033,2.351176
181.891000,0.010820,0.007807,0.008226,-0.118612,-0.084102,2.351791
181.911000,0.011710,0.006919,0.008185,-0.116128,-0.081153,2.352354
181.931000,0.012569,0.006016,0.008368,-0.113683,-0.078212,2.352889
181.951000,0.013822,0.005511,0.008471,-0.111277,-0.075260,2.353401
181.971000,0.014727,0.005444,0.008519,-0.108885,-0.072335,2.353940
181.971000,0.014727,0.005444,0.008519,-0.108885,-0.072335,2.353940
182.011000,0.017252,0.006218,0.008709,-0.104212,-0.066527,2.355020
182.011000,0.017252,0.006218,0.008709,-0.104212,-0.066527,2.355020
182.051000,0.019702,0.007336,0.008846,-0.099722,-0.060787,2.355986
182.071000,0.020715,0.007771,0.008957,-0.097547,-0.057966,2.356418
182.071000,0.020715,0.007771,0.008957,-0.097547,-0.057966,2.356418
182.111000,0.022221,0.009463,0.010232,-0.093510,-0.052318,2.357118
182.131000,0.022833,0.009998,0.010450,-0.091464,-0.049594,2.357425
182.131000,0.022833,0.009998,0.010450,-0.091464,-0.049594,2.357425
182.171000,0.023940,0.011281,0.010818,-0.087451,-0.044241,2.357875
182.191000,0.024481,0.011991,0.011034,-0.085499,-0.041651,2.358053
182.211000,0.024895,0.012747,0.011212,-0.083580,-0.039099,2.358202
182.231000,0.025084,0.013428,0.011561,-0.081690,-0.036578,2.358311
182.231000,0.025084,0.013428,0.011561,-0.081690,-0.036578,2.358311
182.271000,0.023262,0.015281,0.013129,-0.078073,-0.031678,2.358498
182.271000,0.023262,0.015281,0.013129,-0.078073,-0.031678,2.358498
182.311000,0.020218,0.016788,0.015159,-0.074574,-0.026942,2.358557
182.331000,0.019249,0.017344,0.015417,-0.072836,-0.024624,2.358562
182.351000,0.018316,0.018028,0.015725,-0.071121,-0.022338,2.358610
182.371000,0.017363,0.018357,0.015933,-0.069424,-0.020123,2.358662
182.391000,0.016425,0.018500,0.016295,-0.067752,-0.017944,2.358690
182.411000,0.015742,0.018282,0.016666,-0.066111,-0.015829,2.358751
182.431000,0.015260,0.018064,0.017201,-0.064479,-0.013747,2.358790
182.431000,0.015260,0.018064,0.017201,-0.064479,-0.013747,2.358790
182.471000,0.013818,0.017702,0.018060,-0.061285,-0.009690,2.358891
182.471000,0.013818,0.017702,0.018060,-0.061285,-0.009690,2.358891
182.511000,0.013341,0.016442,0.018844,-0.058185,-0.005799,2.359035
182.531000,0.013371,0.015660,0.019228,-0.056693,-0.003894,2.359069
182.531000,0.013371,0.015660,0.019228,-0.056693,-0.003894,2.359069
182.571000,0.013980,0.013687,0.020092,-0.053744,-0.000131,2.359070
182.571000,0.013980,0.013687,0.020092,-0.053744,-0.000131,2.359070
182.611000,0.014093,0.011887,0.020818,-0.050867,0.003599,2.358969
182.611000,0.014093,0.011887,0.020818,-0.050867,0.003599,2.358969
182.633000,0.014418,0.011747,0.021249,-0.049311,0.005612,2.358857
182.671000,0.015265,0.011536,0.021936,-0.046633,0.008977,2.358664
182.691000,0.015898,0.012298,0.022378,-0.045242,0.010749,2.358575
182.711000,0.015607,0.013008,0.022854,-0.043881,0.012496,2.358467
182.711000,0.015607,0.013008,0.022854,-0.043881,0.012496,2.358467
182.731000,0.015797,0.013685,0.023476,-0.042535,0.014226,2.358378
182.771000,0.015870,0.015254,0.024428,-0.039922,0.017666,2.358178
182.771000,0.015870,0.015254,0.024428,-0.039922,0.017666,2.358178
182.811000,0.015211,0.017277,0.025296,-0.037404,0.021074,2.357959
182.811000,0.015211,0.017277,0.025296,-0.037404,0.021074,2.357959
182.851000,0.014911,0.018218,0.025813,-0.034980,0.024389,2.357574
182.871000,0.015222,0.018353,0.026127,-0.033844,0.026008,2.357357
182.871000,0.015222,0.018353,0.026127,-0.033844,0.026008,2.357357
182.911000,0.016202,0.018185,0.026834,-0.031618,0.029094,2.356922
182.931000,0.016316,0.017595,0.027255,-0.030555,0.030620,2.356653
182.951000,0.016552,0.016978,0.027917,-0.029544,0.032141,2.356338
182.971000,0.016105,0.015639,0.028194,-0.028572,0.033642,2.356004
182.971000,0.016105,0.015639,0.028194,-0.028572,0.033642,2.356004
183.011000,0.015710,0.012134,0.029303,-0.026800,0.036598,2.355265
183.031000,0.015346,0.009770,0.029730,-0.025994,0.038054,2.354880
183.051000,0.014612,0.007039,0.029960,-0.025254,0.039473,2.354470
183.051000,0.014612,0.007039,0.029960,-0.025254,0.039473,2.354470
183.071000,0.014328,0.004249,0.030292,-0.024567,0.040861,2.354088
183.111000,0.013856,-0.002410,0.030717,-0.023249,0.043482,2.353341
183.131000,0.012829,-0.005655,0.030668,-0.022612,0.044695,2.352948
183.131000,0.012829,-0.005655,0.030668,-0.022612,0.044695,2.352948
183.171000,0.012703,-0.009680,0.030786,-0.021726,0.047259,2.352235
183.171000,0.012703,-0.009680,0.030786,-0.021726,0.047259,2.352235
183.211000,0.011837,-0.012412,0.029963,-0.021187,0.049785,2.351484
183.231000,0.011907,-0.013738,0.029588,-0.021045,0.051037,2.351094
183.251000,0.012186,-0.014834,0.029167,-0.021017,0.052286,2.350651
183.271000,0.011654,-0.015768,0.028554,-0.021074,0.053548,2.350204
183.291000,0.010978,-0.016252,0.027950,-0.021240,0.054805,2.349699
183.311000,0.010839,-0.016244,0.027222,-0.021510,0.056094,2.349201
183.331000,0.010441,-0.016155,0.026332,-0.021881,0.057373,2.348662
183.331000,0.010441,-0.016155,0.026332,-0.021881,0.057373,2.348662
183.371000,0.010021,-0.015801,0.024320,-0.022945,0.059927,2.347637
183.371000,0.010021,-0.015801,0.024320,-0.022945,0.059927,2.347637
183.411000,0.009142,-0.014548,0.022155,-0.024449,0.062461,2.346699
183.431000,0.009136,-0.013488,0.020975,-0.025315,0.063756,2.346282
183.451000,0.009021,-0.012117,0.019940,-0.026312,0.065039,2.345847
183.471000,0.008088,-0.010815,0.018740,-0.027395,0.066302,2.345426
183.491000,0.007641,-0.009412,0.017713,-0.028545,0.067550,2.345046
183.511000,0.008067,-0.007491,0.016546,-0.029766,0.068783,2.344750
183.531000,0.008970,-0.005227,0.015525,-0.031056,0.069970,2.344497
183.531000,0.008970,-0.005227,0.015525,-0.031056,0.069970,2.344497
183.571000,0.010755,0.000421,0.013174,-0.033855,0.072301,2.344037
183.571000,0.010755,0.000421,0.013174,-0.033855,0.072301,2.344037
183.611000,0.012271,0.004949,0.010874,-0.036915,0.074652,2.343725
183.611000,0.012271,0.004949,0.010874,-0.036915,0.074652,2.343725
183.632000,0.012242,0.007266,0.009628,-0.038593,0.075889,2.343622
183.671000,0.012347,0.011332,0.007590,-0.041786,0.078192,2.343538
183.691000,0.012599,0.013079,0.006624,-0.043462,0.079352,2.343534
183.711000,0.012871,0.014724,0.005527,-0.045163,0.080532,2.343583
183.711000,0.012871,0.014724,0.005527,-0.045163,0.080532,2.343583
183.731000,0.012916,0.015919,0.004382,-0.046836,0.081670,2.343637
183.771000,0.013474,0.018077,0.002490,-0.050267,0.083914,2.343807
183.791000,0.013756,0.018942,0.001641,-0.051973,0.085008,2.343897
183.811000,0.014391,0.020007,0.000837,-0.053659,0.086094,2.343993
183.831000,0.014844,0.020682,-0.000030,-0.055314,0.087174,2.344063
183.831000,0.014844,0.020682,-0.000030,-0.055314,0.087174,2.344063
183.871000,0.015738,0.022756,-0.001459,-0.058530,0.089268,2.344168
183.891000,0.016081,0.023858,-0.002294,-0.060084,0.090279,2.344220
183.911000,0.017160,0.024840,-0.002931,-0.061613,0.091239,2.344297
183.931000,0.018188,0.025563,-0.003486,-0.063060,0.092169,2.344361
183.951000,0.019050,0.026450,-0.004086,-0.064487,0.093038,2.344451
183.971000,0.020115,0.027717,-0.004750,-0.065852,0.093881,2.344527
183.971000,0.020115,0.027717,-0.004750,-0.065852,0.093881,2.344527
184.011000,0.023005,0.030715,-0.005733,-0.068326,0.095472,2.344603
184.031000,0.023750,0.032680,-0.006170,-0.069467,0.096204,2.344589
184.031000,0.023750,0.032680,-0.006170,-0.069467,0.096204,2.344589
184.071000,0.025343,0.036474,-0.006511,-0.071587,0.097501,2.344451
184.071000,0.025343,0.036474,-0.006511,-0.071587,0.097501,2.344451
184.111000,0.026681,0.039085,-0.006861,-0.073423,0.098619,2.344310
184.131000,0.027254,0.040398,-0.006880,-0.074218,0.099072,2.344282
184.151000,0.027342,0.041443,-0.007143,-0.074923,0.099449,2.344259
184.171000,0.028080,0.042387,-0.007302,-0.075559,0.099753,2.344274
184.191000,0.028546,0.042731,-0.007351,-0.076104,0.099968,2.344275
184.211000,0.029217,0.042906,-0.007483,-0.076581,0.100122,2.344326
184.231000,0.029550,0.042884,-0.007403,-0.076942,0.100197,2.344388
184.231000,0.029550,0.042884,-0.007403,-0.076942,0.100197,2.344388
184.271000,0.029728,0.043086,-0.007173,-0.077366,0.100060,2.344677
184.271000,0.029728,0.043086,-0.007173,-0.077366,0.100060,2.344677
184.311000,0.030053,0.044050,-0.007099,-0.077374,0.099574,2.345122
184.331000,0.030740,0.044645,-0.007147,-0.077208,0.099200,2.345382
184.331000,0.030740,0.044645,-0.007147,-0.077208,0.099200,2.345382
184.371000,0.031399,0.045556,-0.006795,-0.076696,0.098239,2.345869
184.391000,0.032117,0.045399,-0.006568,-0.076308,0.097596,2.346118
184.411000,0.032885,0.045353,-0.006455,-0.075849,0.096899,2.346338
184.411000,0.032885,0.045353,-0.006455,-0.075849,0.096899,2.346338
184.451000,0.033401,0.044803,-0.006011,-0.074658,0.095283,2.346620
184.471000,0.033831,0.044378,-0.005901,-0.073921,0.094372,2.346697
184.471000,0.033831,0.044378,-0.005901,-0.073921,0.094372,2.346697
184.511000,0.033900,0.043010,-0.005519,-0.072293,0.092314,2.346741
184.511000,0.033900,0.043010,-0.005519,-0.072293,0.092314,2.346741
184.551000,0.032820,0.040274,-0.004751,-0.070426,0.089996,2.346719
184.571000,0.031885,0.038518,-0.004365,-0.069438,0.088742,2.346681
184.571000,0.031885,0.038518,-0.004365,-0.069438,0.088742,2.346681
184.611000,0.029671,0.034130,-0.003920,-0.067378,0.086093,2.346391
184.611000,0.029671,0.034130,-0.003920,-0.067378,0.086093,2.346391
184.651000,0.027181,0.028245,-0.003329,-0.065241,0.083262,2.345875
184.671000,0.025368,0.024641,-0.003003,-0.064165,0.081807,2.345523
184.671000,0.025368,0.024641,-0.003003,-0.064165,0.081807,2.345523
184.711000,0.021903,0.017231,-0.002240,-0.062056,0.078873,2.344653
184.711000,0.021903,0.017231,-0.002240,-0.062056,0.078873,2.344653
184.751000,0.017549,0.010151,-0.001545,-0.059973,0.075894,2.343735
184.771000,0.015469,0.007179,-0.001245,-0.058963,0.074371,2.343310
184.771000,0.015469,0.007179,-0.001245,-0.058963,0.074371,2.343310
184.811000,0.011784,0.001204,-0.000504,-0.057082,0.071284,2.342406
184.831000,0.010595,-0.001694,-0.000200,-0.056209,0.069772,2.341965
184.851000,0.008499,-0.004459,0.000240,-0.055397,0.068273,2.341521
184.871000,0.005999,-0.006625,0.000677,-0.054654,0.066824,2.341108
184.891000,0.003295,-0.008498,0.001185,-0.053988,0.065369,2.340738
184.911000,0.001236,-0.009850,0.001772,-0.053389,0.063959,2.340428
184.931000,-0.000094,-0.010763,0.001990,-0.052875,0.062575,2.340153
184.931000,-0.000094,-0.010763,0.001990,-0.052875,0.062575,2.340153
184.971000,-0.002637,-0.011170,0.002773,-0.052089,0.059903,2.339695
184.971000,-0.002637,-0.011170,0.002773,-0.052089,0.059903,2.339695
185.011000,-0.003921,-0.011130,0.003691,-0.051740,0.057423,2.339353
185.031000,-0.005062,-0.011019,0.004059,-0.051766,0.056259,2.339221
185.051000,-0.005524,-0.011251,0.004275,-0.051909,0.055189,2.339093
185.071000,-0.005861,-0.012027,0.004849,-0.052150,0.054194,2.338991
185.091000,-0.006704,-0.012351,0.005272,-0.052527,0.053286,2.338854
185.111000,-0.006680,-0.012296,0.005456,-0.053024,0.052494,2.338785
185.131000,-0.007162,-0.012699,0.005575,-0.053619,0.051741,2.338657
185.131000,-0.007162,-0.012699,0.005575,-0.053619,0.051741,2.338657
185.171000,-0.007260,-0.013290,0.006233,-0.055144,0.050475,2.338376
185.191000,-0.007357,-0.012821,0.006571,-0.056085,0.049961,2.338243
185.211000,-0.007181,-0.012255,0.006723,-0.057139,0.049533,2.338162
185.231000,-0.006773,-0.011773,0.006672,-0.058291,0.049175,2.338135
185.231000,-0.006773,-0.011773,0.006672,-0.058291,0.049175,2.338135
185.271000,-0.005034,-0.011317,0.006468,-0.060932,0.048665,2.338095
185.271000,-0.005034,-0.011317,0.006468,-0.060932,0.048665,2.338095
185.311000,-0.001809,-0.010717,0.006221,-0.064001,0.048417,2.338171
185.331000,-0.000229,-0.010562,0.005900,-0.065669,0.048419,2.338238
185.331000,-0.000229,-0.010562,0.005900,-0.065669,0.048419,2.338238
185.371000,0.002314,-0.009577,0.005257,-0.069247,0.048589,2.338439
185.371000,0.002314,-0.009577,0.005257,-0.069247,0.048589,2.338439
185.411000,0.004265,-0.006970,0.004334,-0.073026,0.048951,2.338776
185.431000,0.005212,-0.005141,0.003877,-0.074978,0.049163,2.339015
185.431000,0.005212,-0.005141,0.003877,-0.074978,0.049163,2.339015
185.471000,0.007998,-0.000200,0.003010,-0.079057,0.049672,2.339561
185.491000,0.009387,0.002839,0.002643,-0.081168,0.049941,2.339878
185.511000,0.010518,0.006209,0.002135,-0.083315,0.050192,2.340244
185.531000,0.011517,0.009237,0.001711,-0.085497,0.050471,2.340656
185.551000,0.012306,0.011792,0.001234,-0.087689,0.050724,2.341029
185.571000,0.013499,0.014340,0.000607,-0.089888,0.050999,2.341368
185.571000,0.013499,0.014340,0.000607,-0.089888,0.050999,2.341368
185.611000,0.015895,0.019370,-0.000379,-0.094295,0.051392,2.342074
185.631000,0.018032,0.021247,-0.000851,-0.096494,0.051581,2.342438
185.631000,0.018032,0.021247,-0.000851,-0.096494,0.051581,2.342438
185.671000,0.020579,0.024413,-0.001673,-0.100842,0.051843,2.343190
185.671000,0.020579,0.024413,-0.001673,-0.100842,0.051843,2.343190
185.711000,0.022824,0.027547,-0.002555,-0.105104,0.052014,2.344075
185.731000,0.023850,0.028891,-0.002889,-0.107177,0.052090,2.344553
185.731000,0.023850,0.028891,-0.002889,-0.107177,0.052090,2.344553
185.771000,0.025182,0.030891,-0.003975,-0.111208,0.052039,2.345383
185.791000,0.026440,0.031380,-0.004605,-0.113107,0.051914,2.345820
185.811000,0.027411,0.032165,-0.005119,-0.114981,0.051757,2.346235
185.831000,0.028120,0.032734,-0.005582,-0.116788,0.051547,2.346623
185.851000,0.028778,0.032923,-0.006018,-0.118528,0.051303,2.346971
185.871000,0.029063,0.032987,-0.006438,-0.120239,0.051011,2.347290
185.871000,0.029063,0.032987,-0.006438,-0.120239,0.051011,2.347290
185.911000,0.029786,0.032034,-0.007387,-0.123445,0.050274,2.347913
185.931000,0.029981,0.031112,-0.007799,-0.124956,0.049827,2.348172
185.951000,0.030174,0.030057,-0.008532,-0.126385,0.049321,2.348402
185.971000,0.030085,0.029133,-0.009098,-0.127756,0.048729,2.348524
185.971000,0.030085,0.029133,-0.009098,-0.127756,0.048729,2.348524
186.011000,0.030721,0.027492,-0.010695,-0.130283,0.047311,2.348764
186.011000,0.030721,0.027492,-0.010695,-0.130283,0.047311,2.348764
186.051000,0.032127,0.026084,-0.011852,-0.132550,0.045561,2.348947
186.071000,0.032006,0.025290,-0.012529,-0.133622,0.044553,2.348975
186.071000,0.032006,0.025290,-0.012529,-0.133622,0.044553,2.348975
186.111000,0.036459,0.022962,-0.016253,-0.135485,0.042468,2.349071
186.131000,0.036897,0.021992,-0.016605,-0.136442,0.041166,2.349043
186.151000,0.037377,0.020999,-0.017037,-0.137336,0.039796,2.349007
186.171000,0.037960,0.020240,-0.017431,-0.138196,0.038325,2.348953
186.171000,0.037960,0.020240,-0.017431,-0.138196,0.038325,2.348953
186.211000,0.038363,0.019021,-0.017970,-0.139799,0.035161,2.348762
186.231000,0.038288,0.018303,-0.018083,-0.140577,0.033468,2.348642
186.251000,0.038299,0.017524,-0.018078,-0.141324,0.031697,2.348543
186.271000,0.038202,0.016798,-0.017948,-0.142019,0.029841,2.348450
186.271000,0.038202,0.016798,-0.017948,-0.142019,0.029841,2.348450
186.311000,0.036942,0.016488,-0.017864,-0.143306,0.025929,2.348252
186.331000,0.035663,0.017098,-0.017800,-0.143887,0.023844,2.348148
186.351000,0.034751,0.017900,-0.017770,-0.144426,0.021741,2.348102
186.371000,0.033063,0.018837,-0.017483,-0.144917,0.019592,2.348035
186.391000,0.030935,0.019705,-0.017056,-0.145390,0.017415,2.347960
186.391000,0.030935,0.019705,-0.017056,-0.145390,0.017415,2.347960
186.411000,0.028516,0.020997,-0.016668,-0.145840,0.015214,2.347866
186.433000,0.025313,0.022527,-0.015976,-0.146320,0.012729,2.347723
186.471000,0.019038,0.023741,-0.012845,-0.147194,0.008227,2.347321
186.491000,0.015153,0.023840,-0.009941,-0.147671,0.005797,2.346989
186.511000,0.012242,0.023914,-0.008668,-0.148054,0.003493,2.346681
186.531000,0.008816,0.023862,-0.007325,-0.148412,0.001236,2.346294
186.551000,0.005668,0.023830,-0.005902,-0.148742,-0.000987,2.345875
186.571000,0.002467,0.023326,-0.004346,-0.149054,-0.003187,2.345378
186.591000,-0.000819,0.022359,-0.002829,-0.149362,-0.005351,2.344836
186.611000,-0.003527,0.021262,-0.001161,-0.149670,-0.007485,2.344312
186.631000,-0.005606,0.019743,0.000431,-0.149962,-0.009598,2.343759
186.651000,-0.007368,0.017991,0.001992,-0.150244,-0.011632,2.343167
186.671000,-0.009430,0.015732,0.003708,-0.150531,-0.013593,2.342513
186.691000,-0.011457,0.013224,0.005484,-0.150812,-0.015450,2.341771
186.711000,-0.013615,0.010585,0.006994,-0.151090,-0.017184,2.341003
186.731000,-0.015626,0.008068,0.008792,-0.151367,-0.018830,2.340195
186.731000,-0.015626,0.008068,0.008792,-0.151367,-0.018830,2.340195
186.771000,-0.018733,0.003615,0.011901,-0.151869,-0.021799,2.338472
186.771000,-0.018733,0.003615,0.011901,-0.151869,-0.021799,2.338472
186.811000,-0.020880,-0.000458,0.014666,-0.152360,-0.024400,2.336558
186.831000,-0.020978,-0.001795,0.016061,-0.152650,-0.025570,2.335587
186.831000,-0.020978,-0.001795,0.016061,-0.152650,-0.025570,2.335587
186.871000,-0.019414,-0.003968,0.018891,-0.153334,-0.027609,2.333841
186.871000,-0.019414,-0.003968,0.018891,-0.153334,-0.027609,2.333841
186.911000,-0.018353,-0.006380,0.021044,-0.154228,-0.029258,2.332203
186.931000,-0.016815,-0.008417,0.022328,-0.154785,-0.029918,2.331449
186.951000,-0.015628,-0.010727,0.023310,-0.155419,-0.030495,2.330756
186.971000,-0.014266,-0.012937,0.024681,-0.156126,-0.030979,2.330129
186.971000,-0.014266,-0.012937,0.024681,-0.156126,-0.030979,2.330129
186.994000,-0.010043,-0.015311,0.023697,-0.156918,-0.031252,2.329541
187.011000,-0.007921,-0.017040,0.024256,-0.157611,-0.031470,2.329088
187.051000,-0.004277,-0.020159,0.026807,-0.159501,-0.031776,2.328051
187.071000,-0.002382,-0.021456,0.027963,-0.160573,-0.031740,2.327576
187.091000,-0.001195,-0.022592,0.028876,-0.161723,-0.031633,2.327144
187.111000,-0.000594,-0.023389,0.029762,-0.162985,-0.031423,2.326726
187.111000,-0.000594,-0.023389,0.029762,-0.162985,-0.031423,2.326726
187.131000,-0.000380,-0.024115,0.030405,-0.164309,-0.031147,2.326359
187.171000,0.000827,-0.025508,0.031826,-0.167148,-0.030331,2.325559
187.171000,0.000827,-0.025508,0.031826,-0.167148,-0.030331,2.325559
187.211000,0.001775,-0.025328,0.033141,-0.170266,-0.029191,2.324808
187.231000,0.001917,-0.023402,0.033468,-0.171918,-0.028492,2.324472
187.231000,0.001917,-0.023402,0.033468,-0.171918,-0.028492,2.324472
187.271000,0.001925,-0.018232,0.034138,-0.175356,-0.026957,2.323954
187.271000,0.001925,-0.018232,0.034138,-0.175356,-0.026957,2.323954
187.311000,0.003022,-0.012304,0.034759,-0.179014,-0.025277,2.323630
187.311000,0.003022,-0.012304,0.034759,-0.179014,-0.025277,2.323630
