time,magnitude [dB]
152.429000,-73.636368
152.449000,-67.526108
152.469000,-59.555630
152.489000,-66.328842
152.509000,-56.232582
152.529000,-66.646690
152.549000,-56.471237
152.569000,-69.410629
152.589000,-56.551857
152.609000,-71.056023
152.629000,-57.502312
152.649000,-70.096062
152.669000,-58.039944
152.689000,-77.228485
152.709000,-59.106373
152.729000,-74.622971
152.749000,-60.792007
152.769000,-81.228554
152.789000,-65.680260
152.809000,-71.856461
152.829000,-69.803299
152.849000,-70.854797
152.869000,-71.776665
152.889000,-66.985252
152.909000,-70.281586
152.929000,-67.266907
152.951000,-81.489304
152.969000,-67.716942
152.989000,-75.430695
153.009000,-66.082375
153.029000,-74.983337
153.049000,-67.120407
153.069000,-77.259422
153.089000,-66.928520
153.109000,-74.014137
153.129000,-66.342667
153.149000,-72.361168
153.169000,-67.788795
153.189000,-67.681641
153.209000,-67.305000
153.229000,-66.393105
153.249000,-66.904961
153.269000,-70.388878
153.289000,-72.830261
153.309000,-69.623390
153.329000,-73.012978
153.349000,-67.303673
153.369000,-79.611305
153.389000,-65.793221
153.409000,-72.516357
153.429000,-64.067245
153.449000,-75.323418
153.469000,-61.150547
153.489000,-70.094307
153.509000,-57.938656
153.529000,-68.968246
153.549000,-61.339466
153.569000,-67.535789
153.589000,-62.649971
153.609000,-68.914658
153.629000,-63.142765
153.649000,-65.196320
153.669000,-68.013947
153.689000,-67.646835
153.709000,-67.946739
153.729000,-66.319412
153.749000,-68.979637
153.769000,-66.693642
153.789000,-64.240944
153.809000,-69.058784
153.829000,-59.501194
153.849000,-68.545509
153.869000,-61.500679
153.889000,-70.095795
153.909000,-61.416950
153.929000,-77.162102
153.951000,-60.312290
153.969000,-73.013512
153.989000,-59.801670
154.009000,-72.382790
154.029000,-61.086910
154.049000,-71.412354
154.069000,-62.458492
154.089000,-72.657822
154.109000,-63.690647
154.129000,-73.920273
154.149000,-65.060684
154.169000,-73.463005
154.189000,-69.223503
154.209000,-71.370949
154.229000,-69.345810
154.249000,-70.765488
154.269000,-67.988922
154.289000,-69.700340
154.309000,-68.007187
154.329000,-70.090813
154.349000,-69.451828
154.369000,-70.487579
154.389000,-68.138306
154.409000,-67.733047
154.429000,-65.873199
154.449000,-70.863922
154.469000,-64.786217
154.489000,-67.544762
154.509000,-64.088814
154.529000,-67.897209
154.549000,-66.331116
154.569000,-67.535950
154.589000,-66.543182
154.609000,-68.770424
154.629000,-72.283463
154.649000,-68.147598
154.669000,-67.479073
154.689000,-70.768463
154.709000,-66.205536
154.729000,-72.386848
154.749000,-69.932846
154.769000,-79.284973
154.789000,-69.346519
154.809000,-75.286888
154.829000,-71.461021
154.849000,-73.257370
154.869000,-67.842499
154.889000,-73.309044
154.909000,-64.587257
154.929000,-75.443039
154.949000,-68.871864
154.969000,-72.095406
154.989000,-68.523132
155.009000,-67.378845
155.029000,-69.082146
155.049000,-68.097672
155.069000,-67.567665
155.089000,-66.407555
155.109000,-65.620293
155.129000,-67.571762
155.149000,-69.506004
155.169000,-63.016258
155.189000,-68.195900
155.209000,-65.251503
155.229000,-66.122856
155.249000,-66.215904
155.269000,-61.890034
155.289000,-69.711548
155.309000,-59.839287
155.329000,-74.452690
155.349000,-58.838638
155.369000,-75.066841
155.389000,-59.569172
155.409000,-81.789261
155.429000,-59.780052
155.449000,-73.213722
155.469000,-58.722332
155.489000,-75.105164
155.509000,-58.170204
155.529000,-72.409912
155.549000,-58.247768
155.569000,-70.133972
155.589000,-56.774532
155.609000,-67.681763
155.629000,-57.873344
155.649000,-67.750290
155.669000,-58.898697
155.689000,-68.094429
155.709000,-57.866802
155.729000,-70.936127
155.749000,-58.131207
155.769000,-68.992775
155.789000,-58.363789
155.809000,-69.094223
155.829000,-57.932777
155.849000,-67.687241
155.869000,-58.690502
155.889000,-71.332008
155.909000,-58.726418
155.929000,-72.343315
155.949000,-59.224445
155.969000,-70.103065
155.989000,-58.963264
156.009000,-71.248322
156.029000,-59.343464
156.049000,-72.327660
156.069000,-59.476669
156.089000,-75.338036
156.109000,-59.760788
156.129000,-75.104774
156.149000,-59.123886
156.169000,-75.315819
156.189000,-59.115925
156.209000,-76.551529
156.229000,-59.378387
156.249000,-80.055107
156.269000,-81.185883
156.289000,-71.303436
156.309000,-59.181618
156.329000,-69.436218
156.349000,-59.266430
156.369000,-81.828667
156.389000,-58.630669
156.409000,-80.529427
156.429000,-58.418087
156.449000,-82.058891
156.469000,-59.580219
156.489000,-80.715004
156.509000,-58.335690
156.529000,-76.560760
156.549000,-58.879669
156.569000,-73.372162
156.589000,-58.917542
156.609000,-79.225861
156.629000,-58.419250
156.649000,-74.045120
156.669000,-58.791721
156.689000,-73.926872
156.709000,-59.150955
156.729000,-71.285767
156.749000,-58.663227
156.769000,-77.985291
156.789000,-58.946369
156.809000,-73.487534
156.829000,-60.051933
156.849000,-71.442207
156.869000,-58.339539
156.889000,-71.002777
156.909000,-59.132408
156.929000,-71.008057
156.949000,-59.109295
156.969000,-70.704033
156.989000,-57.146404
157.009000,-72.389999
157.029000,-59.031422
157.049000,-68.286316
157.069000,-60.003643
157.089000,-68.436279
157.109000,-59.218742
157.129000,-71.916275
157.149000,-58.163765
157.169000,-74.487938
157.189000,-59.492683
157.209000,-74.004387
157.229000,-58.281734
157.249000,-74.482048
157.269000,-58.916115
157.289000,-73.449539
157.309000,-58.434437
157.329000,-73.727310
157.349000,-58.267399
157.369000,-74.102264
157.389000,-59.011135
157.409000,-72.735771
157.429000,-58.417065
157.449000,-75.960518
157.469000,-58.625366
157.489000,-70.875618
157.509000,-58.980373
157.529000,-70.130409
157.549000,-59.190865
157.569000,-68.858826
157.589000,-58.240452
157.609000,-68.109673
157.629000,-57.817101
157.649000,-68.753426
157.669000,-60.011173
157.669000,-68.654404
157.709000,-58.928818
157.729000,-66.870689
157.749000,-57.582520
157.769000,-69.140717
157.789000,-60.662319
157.809000,-67.619492
157.829000,-60.093601
157.849000,-70.623650
157.869000,-59.939236
157.889000,-68.646500
157.909000,-64.143349
157.929000,-71.749565
157.949000,-61.578506
157.969000,-68.259819
157.989000,-61.525845
158.009000,-67.402069
158.029000,-62.154388
158.049000,-68.124832
158.069000,-61.506470
158.089000,-67.808113
158.109000,-62.398819
158.129000,-69.280563
158.149000,-59.886478
158.169000,-67.161896
158.189000,-59.871212
158.209000,-67.966393
158.229000,-60.522621
158.249000,-65.171478
158.269000,-60.180458
158.289000,-65.617271
158.309000,-59.317860
158.329000,-64.772308
158.349000,-57.168159
158.369000,-65.703667
158.389000,-58.409565
158.409000,-64.622910
158.429000,-58.520828
158.449000,-64.967155
158.469000,-57.296848
158.489000,-64.082207
158.509000,-58.280632
158.529000,-66.128296
158.549000,-56.122540
158.569000,-64.592491
158.589000,-57.905170
158.609000,-66.065666
158.629000,-58.026207
158.649000,-63.926689
158.669000,-60.093086
158.689000,-66.147087
158.709000,-58.557354
158.729000,-65.595428
158.749000,-58.604118
158.769000,-66.782394
158.789000,-59.482315
158.809000,-66.356934
158.829000,-58.365047
158.849000,-66.908585
158.869000,-59.343761
158.889000,-67.274841
158.909000,-59.145340
158.929000,-66.621925
158.949000,-64.754082
158.969000,-69.651749
158.989000,-57.746078
159.009000,-68.448112
159.029000,-57.750004
159.049000,-66.574982
159.069000,-58.864952
159.089000,-59.517918
159.109000,-66.743454
159.129000,-67.814819
159.149000,-64.402885
159.169000,-66.829208
159.189000,-64.150467
159.209000,-66.299072
159.229000,-65.932076
159.249000,-68.047958
159.269000,-59.825985
159.289000,-66.387581
159.309000,-59.865292
159.329000,-65.532837
159.349000,-63.765167
159.369000,-67.087318
159.389000,-62.763241
159.409000,-66.537987
159.429000,-63.258060
159.449000,-65.881294
159.469000,-62.811455
159.489000,-66.370941
159.509000,-60.895134
159.529000,-69.359207
159.549000,-60.383251
159.569000,-67.352859
159.589000,-60.628159
159.609000,-67.590675
159.629000,-59.005688
159.649000,-69.039627
159.669000,-59.842567
159.689000,-69.245651
159.709000,-59.136913
159.729000,-68.426750
159.749000,-59.793114
159.769000,-72.289848
159.789000,-58.973743
159.809000,-69.260330
159.829000,-58.603752
159.849000,-70.434303
159.869000,-58.832558
159.889000,-69.266884
159.909000,-58.365200
159.929000,-74.715355
159.949000,-57.908276
159.969000,-70.508118
159.989000,-56.792782
160.009000,-70.427773
160.029000,-56.863945
160.049000,-70.474319
160.069000,-57.107967
160.089000,-69.764877
160.109000,-56.486889
160.129000,-68.525406
160.149000,-57.011887
160.169000,-72.410225
160.189000,-57.823582
160.209000,-74.769981
160.229000,-58.162853
160.249000,-70.248840
160.269000,-57.479267
160.289000,-69.470924
160.309000,-57.777992
160.329000,-74.960487
160.349000,-57.384655
160.369000,-67.638351
160.389000,-56.933800
160.409000,-69.187256
160.429000,-57.416683
160.449000,-70.079201
160.469000,-56.333885
160.489000,-74.892906
160.509000,-57.475079
160.529000,-70.475296
160.549000,-57.539627
160.569000,-69.211220
160.589000,-56.808430
160.609000,-70.854492
160.629000,-56.692562
160.649000,-74.959778
160.669000,-56.824387
160.689000,-72.058907
160.709000,-58.264347
160.729000,-70.459839
160.749000,-59.453167
160.769000,-69.616310
160.789000,-59.591385
160.809000,-71.391762
160.829000,-58.426704
160.849000,-70.870773
160.869000,-58.495693
160.889000,-67.565971
160.909000,-58.022167
160.929000,-66.152237
160.949000,-58.103832
160.969000,-66.552872
160.989000,-59.338737
161.009000,-66.741280
161.029000,-61.543030
161.049000,-65.236588
161.069000,-64.216103
161.089000,-64.990219
161.109000,-63.865318
161.129000,-66.528282
161.149000,-63.402039
161.169000,-68.331146
161.189000,-62.677544
161.209000,-69.221359
161.229000,-62.363991
161.249000,-68.855331
161.269000,-62.132809
161.289000,-68.996109
161.309000,-61.698730
161.329000,-73.952621
161.349000,-61.651642
161.369000,-69.606956
161.389000,-62.662464
161.409000,-75.311569
161.429000,-60.195953
161.449000,-77.502411
161.469000,-60.844337
161.489000,-75.307053
161.509000,-61.787079
161.529000,-76.300751
161.549000,-61.579418
161.569000,-73.171547
161.589000,-62.993263
161.612000,-74.902763
161.629000,-63.250660
161.649000,-83.979065
161.669000,-63.226269
161.689000,-71.477745
161.709000,-64.616364
161.729000,-71.825226
161.749000,-64.936546
161.769000,-72.108849
161.789000,-62.976517
161.809000,-67.043808
161.829000,-65.251160
161.849000,-70.300117
161.869000,-65.634666
161.889000,-72.306770
161.909000,-64.381912
161.929000,-68.410583
161.949000,-64.742905
161.969000,-69.073738
161.989000,-63.203926
162.009000,-67.544403
162.029000,-63.562557
162.049000,-72.028694
162.069000,-63.048035
162.089000,-67.948700
162.109000,-61.156250
162.129000,-67.877365
162.149000,-63.337894
162.169000,-69.178902
162.189000,-56.938622
162.209000,-66.741730
162.229000,-56.861889
162.249000,-65.905647
162.269000,-58.166523
162.289000,-71.642555
162.309000,-57.495899
162.329000,-70.029892
162.349000,-57.932518
162.369000,-67.276123
162.389000,-57.772751
162.409000,-68.013229
162.429000,-68.938110
162.449000,-68.308586
162.469000,-67.869774
162.489000,-73.755157
162.509000,-69.443092
162.529000,-68.533813
162.549000,-70.429359
162.569000,-73.137589
162.589000,-69.137749
162.609000,-70.562675
162.629000,-70.947754
162.649000,-67.980545
162.669000,-72.977440
162.689000,-67.894371
162.709000,-68.879181
162.729000,-69.668808
162.749000,-70.725685
162.769000,-69.619446
162.789000,-70.512474
162.809000,-70.241722
162.829000,-67.646240
162.849000,-67.612793
162.869000,-71.449471
162.889000,-68.289474
162.909000,-69.137466
162.929000,-65.759216
162.949000,-66.367317
162.969000,-67.073303
162.989000,-67.503983
163.009000,-67.561867
163.029000,-65.002846
163.049000,-67.484215
163.069000,-66.961227
163.089000,-66.414024
163.109000,-66.832939
163.129000,-69.442139
163.149000,-67.087166
163.169000,-65.834641
163.189000,-66.533325
163.209000,-67.872284
163.229000,-68.065163
163.249000,-68.498215
163.269000,-67.661591
163.289000,-67.456833
163.309000,-69.400467
163.329000,-68.201561
163.349000,-66.523476
163.369000,-68.517136
163.389000,-66.626961
163.409000,-67.211174
163.429000,-66.338310
163.449000,-67.387451
163.469000,-67.266449
163.489000,-66.753128
163.509000,-65.718643
163.529000,-67.280716
163.549000,-66.152397
163.569000,-64.510910
163.589000,-65.300560
163.609000,-66.415344
163.629000,-65.726479
163.649000,-66.065720
163.669000,-66.947769
163.689000,-68.969742
163.709000,-69.103912
163.729000,-69.534805
163.749000,-70.372993
163.769000,-73.828163
163.789000,-73.354416
163.809000,-74.058449
163.829000,-68.943741
163.849000,-71.317345
163.869000,-75.194382
163.889000,-82.831963
163.909000,-74.856506
163.929000,-89.393166
163.949000,-79.645073
163.969000,-72.881729
163.989000,-81.507523
164.009000,-75.807358
164.029000,-82.402687
164.049000,-72.585411
164.069000,-82.799072
164.089000,-74.242043
164.109000,-78.523491
164.129000,-73.715332
164.149000,-77.374344
164.169000,-69.114830
164.189000,-74.245476
164.209000,-75.154945
164.229000,-74.922653
164.249000,-74.092590
164.269000,-72.825775
164.289000,-76.281715
164.309000,-73.394157
164.329000,-74.002014
164.349000,-74.008919
164.369000,-74.687164
164.389000,-73.761406
164.409000,-73.997986
164.429000,-78.362679
164.449000,-78.222076
164.469000,-81.197693
164.489000,-81.985573
164.509000,-77.196243
164.529000,-76.407272
164.549000,-82.145744
164.569000,-84.123177
164.589000,-84.845482
164.609000,-82.106468
164.629000,-80.472900
164.649000,-88.475227
164.669000,-82.905876
164.689000,-77.339279
164.709000,-77.122765
164.729000,-80.115746
164.749000,-78.062424
164.769000,-79.505577
164.789000,-92.302269
164.809000,-77.493439
164.829000,-90.735443
164.849000,-87.614769
164.869000,-80.662796
164.889000,-76.961166
164.909000,-80.775932
164.929000,-94.757477
164.949000,-75.445572
164.969000,-75.444679
164.989000,-75.702217
165.009000,-74.362587
165.029000,-74.149918
165.049000,-75.120789
165.069000,-73.072762
165.089000,-72.776077
165.109000,-72.899361
165.129000,-75.070358
165.149000,-77.676704
165.169000,-71.940681
165.189000,-72.444344
165.209000,-71.533363
165.229000,-71.274208
165.249000,-69.702881
165.269000,-68.902321
165.289000,-73.196968
165.309000,-71.903351
165.329000,-70.177490
165.349000,-70.856560
165.369000,-68.397163
165.389000,-69.537720
165.409000,-68.197449
165.429000,-67.949516
165.449000,-67.067413
165.469000,-66.694450
165.489000,-67.318069
165.509000,-66.642342
165.529000,-67.013962
165.549000,-65.968040
165.569000,-68.123978
165.589000,-69.437759
165.609000,-68.269348
165.629000,-67.610031
165.649000,-70.728027
165.669000,-68.345490
165.689000,-70.897728
165.709000,-70.340263
165.729000,-71.002060
165.749000,-73.739746
165.769000,-71.613701
165.789000,-80.701233
165.809000,-75.649521
165.829000,-74.249916
165.849000,-76.493813
165.869000,-89.301399
165.889000,-77.040138
165.909000,-76.246399
165.929000,-102.271255
165.949000,-91.804375
165.969000,-80.453789
165.989000,-87.720787
166.009000,-86.222855
166.029000,-79.618858
166.049000,-77.090042
166.069000,-82.996277
166.089000,-77.264404
166.109000,-77.194016
166.129000,-76.421928
166.149000,-78.690147
166.169000,-77.628181
166.189000,-77.196373
166.209000,-73.930984
166.229000,-81.415199
166.249000,-77.338852
166.272000,-72.791847
166.289000,-73.176689
166.309000,-69.151764
166.329000,-71.088539
166.349000,-70.115318
166.369000,-68.940681
166.389000,-68.060089
166.409000,-66.581993
166.429000,-66.895874
166.449000,-67.163139
166.469000,-66.669556
166.489000,-69.314339
166.509000,-67.294380
166.529000,-67.168129
166.549000,-66.300720
166.569000,-66.946373
166.589000,-66.587791
166.609000,-67.164467
166.629000,-68.851898
166.649000,-67.151787
166.669000,-67.951553
166.689000,-67.959991
166.709000,-65.506447
166.729000,-68.444565
166.749000,-70.238823
166.769000,-70.069275
166.789000,-70.871429
166.809000,-70.652435
166.829000,-68.565918
166.849000,-70.443489
166.869000,-74.125069
166.889000,-70.132118
166.909000,-73.011826
166.929000,-71.220909
166.949000,-72.033569
166.969000,-72.647537
166.989000,-71.102997
167.009000,-71.652611
167.029000,-71.262222
167.049000,-69.388046
167.069000,-68.512489
167.089000,-67.136688
167.109000,-66.667053
167.129000,-69.620270
167.149000,-68.395660
167.169000,-65.959618
167.189000,-66.255028
167.209000,-64.655724
167.229000,-66.472054
167.249000,-65.946083
167.272000,-67.334343
167.289000,-66.666267
167.309000,-65.597679
167.329000,-68.166946
167.349000,-66.064941
167.369000,-65.568604
167.389000,-66.455276
167.409000,-65.811996
167.429000,-67.581985
167.449000,-64.870262
167.469000,-65.462868
167.489000,-65.716141
167.509000,-65.135834
167.529000,-65.958603
167.549000,-67.111176
167.569000,-65.151489
167.589000,-66.987129
167.609000,-66.972473
167.629000,-70.001770
167.649000,-68.377892
167.669000,-69.730034
167.689000,-71.473274
167.709000,-72.281860
167.729000,-72.391685
167.749000,-75.203979
167.769000,-76.238976
167.789000,-70.688812
167.809000,-77.944527
167.829000,-79.268463
167.849000,-99.004875
167.869000,-77.972672
167.889000,-75.315208
167.909000,-79.874451
167.929000,-78.487938
167.949000,-73.371437
167.969000,-71.928642
167.989000,-76.258659
168.009000,-74.225250
168.029000,-71.456619
168.049000,-71.613487
168.069000,-71.690712
168.089000,-70.612770
168.109000,-69.039124
168.129000,-71.533554
168.149000,-70.673187
168.169000,-70.056335
168.189000,-70.111794
168.209000,-72.952408
168.229000,-72.434738
168.249000,-73.603577
168.269000,-73.208603
168.289000,-70.796745
168.309000,-71.389442
168.329000,-71.305641
168.349000,-75.352432
168.369000,-69.302750
168.389000,-74.896362
168.409000,-72.157669
168.429000,-75.134506
168.449000,-75.101471
168.469000,-76.418732
168.489000,-78.668549
168.509000,-76.507584
168.529000,-76.648682
168.549000,-92.810616
168.569000,-73.937286
168.589000,-82.366806
168.609000,-79.353424
168.629000,-77.418869
168.649000,-89.141708
168.669000,-77.573174
168.689000,-76.154556
168.709000,-81.209900
168.729000,-78.769295
168.749000,-75.491219
168.769000,-74.154930
168.789000,-71.748100
168.809000,-70.132607
168.829000,-69.907784
168.849000,-67.980370
168.869000,-65.865952
168.889000,-65.606682
168.909000,-63.254494
168.929000,-65.818726
168.949000,-66.317238
168.969000,-67.527962
168.989000,-68.501793
169.009000,-69.089737
169.029000,-70.707077
169.049000,-70.500290
169.069000,-71.590858
169.089000,-70.262299
169.109000,-69.472336
169.129000,-67.147232
169.149000,-66.637383
169.169000,-65.655815
169.189000,-64.304115
169.209000,-64.522240
169.229000,-63.756084
169.249000,-65.411568
169.269000,-65.246979
169.289000,-65.289276
169.309000,-66.541183
169.329000,-66.705536
169.349000,-65.921616
169.369000,-67.748657
169.389000,-69.495201
169.409000,-68.597305
169.429000,-69.831017
169.449000,-71.381401
169.469000,-71.665756
169.489000,-71.187721
169.509000,-69.159828
169.529000,-72.632126
169.549000,-68.646225
169.569000,-71.255104
169.589000,-73.688698
169.609000,-68.998558
169.629000,-68.998917
169.649000,-68.343559
169.669000,-67.716240
169.689000,-69.737000
169.709000,-67.941383
169.729000,-67.151482
169.749000,-70.923531
169.769000,-68.088211
169.789000,-65.743584
169.809000,-64.858261
169.829000,-66.027039
169.849000,-68.236534
169.869000,-67.784737
169.889000,-70.920578
169.909000,-69.060364
169.929000,-67.152611
169.949000,-67.305374
169.969000,-70.952454
169.989000,-68.303673
170.009000,-73.228607
170.029000,-71.369171
170.049000,-76.494339
170.069000,-72.893806
170.089000,-75.026344
170.109000,-76.159996
170.129000,-74.324532
170.149000,-74.240570
170.169000,-71.800682
170.189000,-72.363335
170.209000,-73.015701
170.229000,-77.908112
170.249000,-74.031357
170.269000,-73.547050
170.289000,-72.850685
170.309000,-74.183037
170.329000,-74.831291
170.349000,-77.798058
170.369000,-76.026337
170.389000,-75.969543
170.409000,-75.238304
170.429000,-72.819191
170.449000,-83.668129
170.469000,-73.617317
170.489000,-73.991989
170.509000,-74.971428
170.529000,-71.978645
170.549000,-74.714508
170.569000,-77.668503
170.589000,-76.139015
170.609000,-78.732422
170.629000,-77.739861
170.649000,-76.642067
170.669000,-73.536263
170.689000,-78.288612
170.709000,-72.404709
170.729000,-75.414635
170.749000,-76.429146
170.769000,-73.511322
170.789000,-70.382927
170.809000,-72.632927
170.829000,-71.982590
170.849000,-77.545326
170.869000,-68.197296
170.889000,-72.373726
170.909000,-69.048180
170.929000,-70.393463
170.949000,-70.281830
170.969000,-70.838150
170.989000,-71.987984
171.009000,-71.422256
171.029000,-69.731377
171.049000,-72.510612
171.069000,-68.863426
171.089000,-69.343582
171.109000,-69.632675
171.129000,-72.280838
171.149000,-69.491623
171.169000,-75.872337
171.189000,-70.705902
171.209000,-69.950554
171.229000,-67.124794
171.249000,-70.335541
171.269000,-67.247284
171.289000,-69.247810
171.309000,-67.731873
171.329000,-66.606247
171.349000,-66.549980
171.369000,-66.470825
171.389000,-65.471024
171.409000,-67.226395
171.429000,-66.903358
171.449000,-67.059509
171.469000,-65.319275
171.489000,-65.307968
171.509000,-66.417358
171.529000,-66.115311
171.549000,-67.398987
171.569000,-65.351959
171.589000,-67.545296
171.609000,-66.707733
171.629000,-69.264488
171.649000,-67.794434
171.669000,-66.464470
171.689000,-66.870026
171.709000,-65.955528
171.729000,-65.224777
171.749000,-65.164368
171.769000,-67.201027
171.789000,-66.340149
171.809000,-65.740074
171.829000,-65.122292
171.849000,-65.205719
171.869000,-65.486320
171.889000,-68.366791
171.909000,-65.958527
171.929000,-67.346344
171.949000,-66.191666
171.969000,-68.247978
171.989000,-69.596436
172.009000,-68.394341
172.029000,-68.738602
172.049000,-71.379585
172.069000,-67.673271
172.089000,-70.533852
172.109000,-70.963646
172.129000,-70.307831
172.149000,-77.604172
172.169000,-73.531677
172.189000,-74.727882
172.209000,-75.277412
172.229000,-81.401039
172.249000,-76.616280
172.269000,-74.128288
172.289000,-76.915855
172.309000,-77.864906
172.329000,-74.443253
172.349000,-75.201561
172.369000,-73.879509
172.389000,-72.875206
172.409000,-75.021652
172.429000,-60.275486
172.449000,-72.590546
172.469000,-61.674419
172.489000,-73.519493
172.509000,-61.279633
172.529000,-72.368782
172.549000,-61.998131
172.569000,-68.000656
172.589000,-65.141228
172.609000,-69.849831
172.629000,-66.540939
172.649000,-69.635422
172.669000,-63.536301
172.689000,-70.434586
172.709000,-64.170464
172.729000,-68.695602
172.749000,-62.401905
172.769000,-70.555695
172.789000,-60.481701
172.809000,-71.704956
172.829000,-58.352085
172.849000,-73.099152
172.869000,-58.165409
172.889000,-72.113838
172.909000,-56.730366
172.929000,-70.354225
172.949000,-57.070648
172.969000,-67.797920
172.989000,-67.642258
173.009000,-65.556580
173.029000,-75.550087
173.049000,-66.633263
173.069000,-65.680374
173.089000,-65.891708
173.109000,-56.815094
173.129000,-66.458572
173.149000,-57.467106
173.169000,-65.640022
173.189000,-57.480492
173.209000,-66.329910
173.229000,-58.133430
173.249000,-67.086273
173.269000,-58.600239
173.289000,-67.508217
173.309000,-58.076809
173.329000,-67.990868
173.349000,-57.092510
173.369000,-67.825150
173.389000,-58.081635
173.409000,-70.372093
173.429000,-57.188793
173.449000,-72.672462
173.469000,-62.784054
173.489000,-73.574921
173.509000,-71.549644
173.529000,-71.723961
173.549000,-61.491261
173.569000,-72.025253
173.589000,-73.737297
173.609000,-69.770630
173.629000,-71.089508
173.649000,-70.894035
173.669000,-62.073662
173.689000,-69.612175
173.709000,-60.659874
173.729000,-72.037910
173.749000,-59.499279
173.769000,-69.459801
173.789000,-59.283634
173.809000,-69.085518
173.829000,-60.482925
173.849000,-72.261818
173.869000,-60.937881
173.889000,-81.869835
173.909000,-60.533428
173.929000,-80.769279
173.949000,-58.848854
173.969000,-75.059410
173.989000,-60.102570
174.009000,-78.654907
174.029000,-59.973267
174.049000,-74.579773
174.069000,-58.113102
174.089000,-70.649910
174.109000,-57.308167
174.129000,-73.249077
174.149000,-60.191540
174.169000,-68.575691
174.189000,-62.058182
174.209000,-69.905853
174.229000,-61.824265
174.249000,-68.160835
174.269000,-62.414330
174.289000,-70.102768
174.309000,-64.836952
174.329000,-70.278442
174.349000,-59.558666
174.369000,-67.209030
174.389000,-59.505821
174.409000,-68.383667
174.429000,-64.917259
174.449000,-67.991333
174.469000,-65.095764
174.489000,-67.979637
174.509000,-61.174744
174.529000,-70.367897
174.549000,-58.915752
174.569000,-70.648994
174.589000,-58.344585
174.609000,-71.853020
174.629000,-58.129642
174.649000,-68.530296
174.669000,-72.783546
174.689000,-69.341286
174.709000,-57.575901
174.729000,-72.150574
174.749000,-57.433994
174.769000,-73.165092
174.789000,-58.051277
174.809000,-71.802399
174.829000,-57.475063
174.849000,-75.306656
174.869000,-68.188782
174.889000,-72.231049
174.909000,-67.977951
174.931000,-70.900703
174.949000,-69.937195
174.969000,-70.198112
174.989000,-61.378841
175.009000,-68.750854
175.029000,-58.725361
175.049000,-71.231384
175.069000,-59.379532
175.089000,-68.404594
175.109000,-58.102200
175.129000,-67.957336
175.149000,-59.755600
175.169000,-66.608940
175.189000,-65.125099
175.209000,-65.476433
175.229000,-65.980667
175.249000,-66.559509
175.269000,-62.780994
175.289000,-67.210373
175.309000,-58.284050
175.329000,-69.469749
175.349000,-56.366241
175.369000,-70.566780
175.389000,-69.124306
175.409000,-70.504578
175.429000,-58.300819
175.449000,-73.925545
175.469000,-56.909950
175.489000,-72.164131
175.509000,-73.150909
175.529000,-69.739578
175.549000,-73.764366
175.569000,-71.924278
175.589000,-57.586658
175.609000,-73.040314
175.629000,-60.111053
175.649000,-71.268875
175.669000,-59.006035
175.689000,-76.837540
175.709000,-58.907513
175.729000,-72.770790
175.749000,-59.167912
175.769000,-78.717201
175.789000,-59.694649
175.809000,-74.109222
175.829000,-60.471661
175.849000,-73.828461
175.869000,-59.273800
175.889000,-73.829842
175.909000,-58.772686
175.929000,-71.364815
175.949000,-58.726593
175.969000,-73.676498
175.989000,-70.064995
176.009000,-72.522255
176.029000,-58.289013
176.049000,-68.350990
176.069000,-64.452385
176.089000,-67.038467
176.109000,-58.168835
176.129000,-67.560493
176.149000,-57.690498
176.169000,-69.173927
176.189000,-57.721691
176.209000,-67.966560
176.229000,-58.281597
176.249000,-67.537590
176.269000,-68.688118
176.289000,-67.688721
176.309000,-58.061661
176.329000,-68.281609
176.349000,-57.635548
176.369000,-69.911827
176.389000,-58.734428
176.409000,-69.792381
176.429000,-61.393158
176.449000,-67.844421
176.469000,-67.493950
176.489000,-67.872513
176.509000,-63.354038
176.529000,-68.765205
176.549000,-63.434624
176.569000,-69.289810
176.589000,-66.597733
176.609000,-71.692574
176.629000,-71.506126
176.649000,-73.330635
176.669000,-66.097458
176.689000,-75.288391
176.709000,-67.335411
176.729000,-75.532585
176.749000,-66.742081
176.769000,-76.979507
176.789000,-67.018173
176.809000,-75.717743
176.829000,-91.457787
176.849000,-78.551376
176.869000,-67.691460
176.889000,-79.752167
176.909000,-69.260857
176.929000,-83.571304
176.949000,-66.981354
176.969000,-78.890358
176.989000,-69.663788
177.009000,-79.320557
177.029000,-67.302338
177.049000,-86.458031
177.069000,-69.241585
177.089000,-76.562057
177.109000,-65.011658
177.129000,-74.614006
177.149000,-70.135315
177.169000,-73.381645
177.189000,-62.123203
177.209000,-69.360146
177.229000,-60.816578
177.249000,-71.573067
177.269000,-69.434479
177.289000,-70.856003
177.309000,-60.494553
177.329000,-69.826073
177.349000,-59.096958
177.369000,-68.931389
177.389000,-66.814903
177.409000,-67.651878
177.429000,-59.390270
177.449000,-66.627922
177.469000,-67.070030
177.489000,-66.330574
177.509000,-57.300938
177.529000,-66.185272
177.549000,-57.444118
177.569000,-68.559128
177.589000,-56.719784
177.609000,-69.410812
177.629000,-56.550224
177.649000,-70.104324
177.669000,-57.325588
177.689000,-76.027870
177.709000,-70.813576
177.729000,-69.448456
177.749000,-57.524460
177.769000,-71.749863
177.789000,-58.072193
177.809000,-69.710678
177.829000,-74.215607
177.849000,-71.381912
177.869000,-58.502754
177.889000,-76.009506
177.909000,-58.841885
177.929000,-72.908127
177.949000,-59.001701
177.969000,-76.810837
177.989000,-58.799866
178.009000,-76.201225
178.029000,-57.995098
178.049000,-78.587547
178.069000,-75.556122
178.089000,-73.799942
178.109000,-69.517395
178.129000,-73.654503
178.149000,-57.677967
178.169000,-70.991501
178.189000,-57.610645
178.209000,-72.006668
178.229000,-57.567192
178.249000,-68.898026
178.269000,-69.410576
178.289000,-69.659256
178.309000,-57.663052
178.329000,-68.898102
178.349000,-57.347076
178.369000,-71.036072
178.389000,-57.642513
178.409000,-68.623032
178.429000,-57.609455
178.449000,-69.985947
178.469000,-57.775188
178.489000,-72.978607
178.509000,-57.773098
178.529000,-67.953537
178.549000,-58.572834
178.569000,-71.667313
178.589000,-57.897629
178.609000,-66.881340
178.629000,-57.581982
178.649000,-65.810913
178.669000,-57.189552
178.689000,-64.997948
178.709000,-66.610008
178.729000,-65.425201
178.749000,-56.726788
178.769000,-64.988022
178.789000,-66.416519
178.809000,-65.815292
178.829000,-57.841026
178.849000,-64.148201
178.869000,-56.509098
178.889000,-65.893517
178.909000,-59.560787
178.929000,-66.571434
178.949000,-58.927776
178.969000,-68.244453
178.989000,-60.916523
179.009000,-69.591873
179.029000,-60.866848
179.049000,-68.274849
179.069000,-59.408966
179.089000,-70.777153
179.109000,-58.799072
179.129000,-65.736229
179.149000,-60.675560
179.169000,-68.602394
179.189000,-68.481201
179.209000,-68.524506
179.229000,-71.345131
179.249000,-69.501556
179.269000,-67.134811
179.289000,-68.609146
179.309000,-70.051773
179.329000,-67.681801
179.349000,-70.016617
179.369000,-67.041710
179.389000,-68.494835
179.409000,-65.494675
179.429000,-65.367798
179.449000,-66.815170
179.469000,-74.221123
179.489000,-66.308235
179.509000,-75.483727
179.529000,-64.819603
179.549000,-69.783104
179.569000,-67.741913
179.589000,-67.831009
179.609000,-67.880478
179.629000,-66.929756
179.649000,-67.085403
179.669000,-67.047783
179.689000,-68.733200
179.709000,-67.432526
179.729000,-65.089386
179.749000,-67.593910
179.769000,-65.154732
179.789000,-67.475449
179.809000,-65.005867
179.829000,-66.150894
179.849000,-65.667404
179.869000,-61.502384
179.889000,-65.607956
179.909000,-61.535057
179.929000,-64.934860
179.949000,-67.950592
179.969000,-66.664085
179.989000,-61.937717
180.009000,-66.207191
180.029000,-65.156082
180.049000,-67.069206
180.069000,-66.890991
180.089000,-68.356590
180.109000,-67.833389
180.129000,-71.297195
180.149000,-71.110611
180.169000,-72.472397
180.189000,-71.982597
180.209000,-69.421600
180.229000,-70.927490
180.249000,-70.550400
180.269000,-58.892483
180.289000,-79.363899
180.309000,-57.773567
180.329000,-75.469925
180.349000,-57.753071
180.369000,-70.625877
180.389000,-58.089970
180.409000,-72.128242
180.429000,-60.933800
180.449000,-67.437553
180.469000,-74.947716
180.489000,-72.275406
180.509000,-72.373566
180.529000,-71.349098
180.549000,-58.034912
180.569000,-71.602676
180.592000,-58.324032
180.609000,-69.912102
180.629000,-69.035744
180.649000,-67.495148
180.669000,-70.764145
180.689000,-66.913017
180.709000,-59.539520
180.729000,-66.124153
180.749000,-59.426182
180.769000,-66.888283
180.789000,-59.546719
180.809000,-67.255310
180.829000,-59.762375
180.849000,-68.544891
180.869000,-66.910324
180.889000,-67.399368
180.909000,-59.245918
180.929000,-68.255310
180.949000,-59.075451
180.969000,-69.556824
180.989000,-57.598934
181.009000,-69.153198
181.029000,-67.867111
181.049000,-70.645195
181.069000,-57.302856
181.089000,-71.891884
181.109000,-57.356060
181.129000,-71.591866
181.149000,-73.486084
181.169000,-69.653587
181.189000,-57.361137
181.209000,-71.023369
181.229000,-73.153900
181.249000,-72.733200
181.269000,-75.072166
181.289000,-73.012421
181.309000,-58.078190
181.329000,-78.315735
181.349000,-74.798698
181.369000,-75.998627
181.389000,-58.416851
181.409000,-70.649521
181.429000,-77.872246
181.449000,-76.310959
181.469000,-76.371994
181.489000,-74.045624
181.509000,-56.975002
181.529000,-71.577263
181.549000,-57.779350
181.569000,-70.440659
181.589000,-57.075943
181.609000,-72.164467
181.629000,-71.659882
181.649000,-69.548065
181.669000,-63.459843
181.689000,-73.976326
181.709000,-70.478035
181.729000,-70.911156
181.749000,-69.565331
181.769000,-68.755165
181.789000,-58.891716
181.809000,-70.281876
181.829000,-59.581158
181.849000,-69.446007
181.869000,-70.201462
181.889000,-71.162697
181.909000,-58.969456
181.929000,-68.218758
181.949000,-59.330589
181.969000,-68.565826
181.989000,-71.121956
182.009000,-68.280731
182.029000,-58.366283
182.049000,-69.280930
182.069000,-58.854771
182.089000,-68.374901
182.109000,-59.045490
182.129000,-68.585617
182.149000,-58.569218
182.169000,-70.405991
182.189000,-66.446396
182.209000,-71.749313
182.229000,-56.150150
182.249000,-69.548935
182.269000,-71.786613
182.289000,-71.156418
182.309000,-73.516701
182.329000,-69.900696
182.349000,-72.296127
182.369000,-71.282257
182.389000,-61.740200
182.409000,-72.495567
182.429000,-74.149460
182.449000,-72.265930
182.469000,-71.151070
182.489000,-72.701645
182.509000,-76.713531
182.529000,-75.763481
182.549000,-76.424759
182.569000,-72.558884
182.589000,-71.508125
182.609000,-76.085800
182.629000,-77.053810
182.649000,-75.336426
182.669000,-75.792030
182.689000,-74.791801
182.709000,-74.119362
182.729000,-77.820534
182.749000,-75.746635
182.769000,-72.402870
182.789000,-81.735329
182.809000,-74.225632
182.829000,-76.199074
182.849000,-77.243317
182.869000,-72.576370
182.889000,-78.834351
182.909000,-78.570953
182.929000,-78.482414
182.949000,-71.791565
182.969000,-72.965172
182.989000,-74.943954
183.009000,-70.939514
183.029000,-72.252151
183.049000,-70.579414
183.069000,-71.911591
183.089000,-71.950737
183.109000,-73.042053
183.129000,-70.143890
183.149000,-78.438683
183.169000,-69.889809
183.189000,-71.057014
183.209000,-71.566727
183.229000,-72.130020
183.249000,-74.407089
183.269000,-76.084885
183.289000,-71.459564
183.309000,-71.181824
183.329000,-69.331383
183.349000,-71.423050
183.369000,-66.986977
183.389000,-69.926567
183.409000,-68.010269
183.429000,-70.599426
183.449000,-68.523048
183.469000,-68.301247
183.489000,-68.817596
183.509000,-70.179550
183.529000,-69.608078
183.549000,-69.854385
183.569000,-70.775040
183.589000,-70.272751
183.609000,-70.255249
183.629000,-69.386848
183.649000,-70.965431
183.669000,-74.952759
183.689000,-73.738487
183.709000,-75.461220
183.729000,-72.813866
183.749000,-72.014709
183.769000,-71.538788
183.789000,-72.905136
183.809000,-77.597069
183.829000,-70.785606
183.849000,-67.885719
183.869000,-68.008232
183.889000,-68.403572
183.909000,-67.285622
183.929000,-68.081306
183.949000,-68.173553
183.969000,-66.003868
183.989000,-65.334030
184.009000,-65.825485
184.029000,-67.280182
184.049000,-65.107437
184.069000,-64.915039
184.089000,-64.553841
184.109000,-65.687012
184.129000,-65.432808
184.149000,-64.982681
184.169000,-66.073692
184.189000,-65.244942
184.209000,-64.593132
184.229000,-66.735153
184.249000,-66.513435
184.269000,-65.894157
184.289000,-67.221909
184.309000,-66.249771
184.329000,-67.963814
184.349000,-64.940689
184.369000,-67.542351
184.389000,-65.740898
184.409000,-65.749771
184.429000,-67.526566
184.449000,-65.510956
184.469000,-67.259178
184.489000,-66.513664
184.509000,-66.162628
184.529000,-67.286697
184.549000,-68.331444
184.569000,-67.038559
184.589000,-68.152756
184.609000,-67.809921
184.629000,-66.633820
184.649000,-68.377312
184.669000,-69.678391
184.689000,-67.603569
184.709000,-65.338371
184.729000,-68.423683
184.749000,-67.986923
184.769000,-67.979248
184.789000,-68.363762
184.809000,-68.438324
184.829000,-67.292877
184.849000,-68.359657
184.869000,-66.905151
184.889000,-66.457283
184.909000,-67.570358
184.929000,-68.595039
184.949000,-70.311325
184.969000,-70.172966
184.989000,-69.472816
185.009000,-71.338478
185.029000,-71.159767
185.049000,-73.380287
185.069000,-68.887665
185.089000,-70.433708
185.109000,-69.967445
185.129000,-68.260246
185.149000,-70.710533
185.169000,-73.154137
185.189000,-69.545143
185.209000,-70.554146
185.229000,-70.911003
185.249000,-68.881042
185.269000,-72.379768
185.289000,-71.861458
185.309000,-72.085167
185.329000,-73.142563
185.349000,-71.923302
185.369000,-71.659203
185.389000,-78.090538
185.409000,-72.198380
185.429000,-70.292191
185.449000,-69.653381
185.469000,-73.322533
185.489000,-70.445778
185.509000,-70.471855
185.529000,-71.071739
185.549000,-68.936623
185.569000,-71.018082
185.589000,-78.138268
185.609000,-75.870415
185.629000,-71.391418
185.649000,-76.842857
185.669000,-74.172462
185.689000,-75.442299
185.709000,-75.557266
185.729000,-77.783073
185.749000,-84.842400
185.769000,-76.882103
185.789000,-78.994911
185.809000,-76.931862
185.829000,-83.571716
185.849000,-78.591599
185.869000,-78.508232
185.889000,-83.603249
185.909000,-78.164185
185.929000,-78.051743
185.949000,-74.455811
185.969000,-74.696449
185.989000,-71.910637
186.009000,-73.136780
186.029000,-74.409370
186.049000,-73.019592
186.069000,-73.005104
186.089000,-72.479271
186.109000,-77.605522
186.129000,-85.148209
186.149000,-72.501740
186.169000,-75.266579
186.189000,-70.634293
186.209000,-71.949997
186.229000,-71.559784
186.251000,-74.355370
186.269000,-74.249702
186.289000,-73.644653
186.309000,-77.213966
186.329000,-76.432663
186.349000,-73.318619
186.369000,-84.240768
186.389000,-74.187492
186.409000,-72.784851
186.429000,-78.662926
186.449000,-71.494080
186.469000,-79.196350
186.489000,-69.531990
186.509000,-72.837723
186.529000,-72.293945
186.549000,-68.816963
186.569000,-72.761299
186.589000,-71.963974
186.609000,-73.067909
186.629000,-71.967476
186.649000,-69.760475
186.669000,-69.928650
186.689000,-72.902435
186.709000,-67.889481
186.729000,-68.183823
186.749000,-72.190315
186.769000,-71.725250
186.789000,-68.916542
186.809000,-69.551979
186.829000,-70.351433
186.849000,-70.332619
186.869000,-69.377602
186.889000,-70.514099
186.909000,-70.701653
186.929000,-69.856323
186.949000,-70.855843
186.969000,-69.501297
186.989000,-74.272186
187.009000,-71.324501
187.029000,-74.542976
187.049000,-72.654945
187.069000,-73.125107
187.089000,-72.986839
187.109000,-74.794708
187.129000,-71.230316
187.149000,-74.096336
187.169000,-78.594276
187.189000,-74.570160
187.209000,-79.911636
187.229000,-74.434807
187.251000,-77.761620
187.269000,-76.056015
187.289000,-74.370255
187.309000,-74.672119
187.329000,-73.771599
187.349000,-73.106964
187.369000,-69.797348
187.389000,-70.163803
187.409000,-72.269142
187.429000,-72.643967
187.449000,-71.591637
187.469000,-71.903641
187.489000,-74.269958
187.509000,-74.831558
187.529000,-70.982292
187.549000,-71.773376
187.569000,-70.558113
187.589000,-71.712936
187.609000,-74.110710
187.629000,-73.785194
187.649000,-71.098289
187.669000,-74.237106
187.689000,-71.580688
187.709000,-71.848610
187.729000,-71.013458
187.749000,-71.905266
187.769000,-70.169395
187.789000,-69.270454
187.809000,-68.604591
187.829000,-68.761749
187.849000,-66.786224
187.869000,-68.906151
187.889000,-69.805626
187.909000,-68.200272
187.929000,-69.802910
187.949000,-71.642738
187.969000,-70.621071
187.989000,-70.080940
188.009000,-69.876617
188.029000,-73.652267
188.049000,-72.777954
188.069000,-71.497971
188.089000,-73.950073
188.109000,-73.498795
188.129000,-77.412491
188.149000,-74.630951
188.169000,-74.785393
188.189000,-75.771423
188.209000,-85.846802
188.229000,-80.823120
188.251000,-80.215820
188.269000,-76.553810
188.289000,-76.638855
188.309000,-71.365532
188.329000,-76.896805
188.349000,-69.702698
188.369000,-68.475853
188.389000,-67.588303
188.409000,-65.409210
188.429000,-66.299820
188.449000,-65.891373
188.469000,-66.344933
188.489000,-64.840408
188.509000,-65.015373
188.529000,-65.613197
188.549000,-65.957962
188.569000,-66.591530
188.589000,-67.831848
188.609000,-67.180199
188.629000,-67.134819
188.649000,-67.066353
188.669000,-65.478081
188.689000,-66.440117
188.709000,-66.354225
188.729000,-66.270805
188.749000,-70.279877
188.769000,-70.275093
188.789000,-72.526505
188.809000,-73.856827
188.829000,-76.290092
188.849000,-78.797096
188.869000,-78.806862
188.889000,-84.004967
188.909000,-76.239624
188.929000,-75.534859
188.949000,-73.264015
188.969000,-74.381195
188.989000,-73.043907
189.009000,-73.156815
189.029000,-71.039368
189.049000,-69.380371
189.069000,-70.166954
189.089000,-70.733017
189.109000,-68.507538
189.129000,-66.905983
189.149000,-67.832001
189.169000,-68.835045
189.189000,-66.138023
189.209000,-66.299896
189.229000,-66.101479
189.249000,-67.149139
189.269000,-65.332085
189.289000,-64.833511
189.309000,-66.039070
189.329000,-66.048958
189.349000,-66.024513
189.369000,-67.989983
189.389000,-66.287003
189.409000,-66.878845
189.429000,-66.633316
189.449000,-66.290375
189.469000,-67.289024
189.489000,-66.762062
189.509000,-67.291664
189.529000,-66.613335
189.549000,-67.545547
189.569000,-70.073280
189.589000,-67.818520
189.609000,-70.692787
189.629000,-70.926491
189.649000,-75.566322
189.669000,-74.983231
189.689000,-75.244225
189.709000,-78.697334
189.729000,-83.226433
189.749000,-81.784050
189.769000,-82.318474
189.789000,-79.146988
189.809000,-72.464104
189.829000,-72.707825
189.849000,-71.465164
189.869000,-67.190544
189.889000,-68.674911
189.909000,-69.893845
189.929000,-70.820267
189.949000,-66.888489
189.969000,-66.030243
189.989000,-69.820663
190.009000,-69.147339
190.029000,-69.287689
190.049000,-68.927544
190.069000,-65.285789
190.089000,-68.490875
190.109000,-66.630447
190.129000,-66.057648
190.149000,-66.463097
190.169000,-65.220383
190.189000,-66.037674
190.209000,-67.679344
190.229000,-66.869820
190.249000,-68.558907
190.269000,-68.057541
190.289000,-69.377609
190.309000,-70.405579
190.329000,-70.194687
190.349000,-73.340790
190.369000,-78.703995
190.389000,-75.274269
190.409000,-72.083214
190.429000,-79.699554
190.449000,-78.134872
190.469000,-75.233162
190.489000,-75.962547
190.509000,-74.908028
190.529000,-78.240891
190.549000,-81.004425
190.569000,-76.265114
190.589000,-76.632378
190.609000,-77.462524
190.629000,-76.320419
190.649000,-72.799431
190.669000,-75.857773
190.689000,-70.931946
190.709000,-72.734436
190.729000,-69.975464
190.749000,-71.055298
190.769000,-71.421562
190.789000,-68.861061
190.809000,-72.413353
190.829000,-70.174522
190.849000,-70.042450
190.869000,-71.109306
190.889000,-74.119621
190.909000,-70.436905
190.929000,-69.644295
190.949000,-70.900551
190.969000,-69.857239
190.989000,-74.502045
191.009000,-69.945274
191.029000,-70.297997
191.049000,-69.969254
191.069000,-69.221832
191.089000,-69.347137
191.109000,-67.984055
191.129000,-68.645012
191.149000,-70.764580
191.169000,-72.451553
191.189000,-69.508629
191.209000,-68.853920
191.229000,-69.261330
191.249000,-71.156448
191.269000,-68.723907
191.289000,-66.459099
191.309000,-71.424606
191.329000,-68.174065
191.349000,-67.699936
191.369000,-67.190437
191.389000,-69.705612
191.409000,-68.889061
191.429000,-68.805733
191.449000,-68.041061
191.469000,-72.194916
191.489000,-66.395050
191.509000,-67.796898
191.529000,-65.240143
191.549000,-66.706635
191.569000,-69.896690
191.589000,-66.641350
191.609000,-67.015533
191.629000,-67.066917
191.649000,-65.508957
191.669000,-64.950760
191.689000,-66.776634
191.709000,-65.626167
191.729000,-67.633720
191.749000,-66.753113
191.769000,-65.424080
191.789000,-66.068123
191.809000,-67.205727
191.829000,-66.540184
191.849000,-66.433189
191.869000,-66.182961
191.889000,-68.782692
191.909000,-66.889824
191.929000,-67.285973
191.949000,-68.474884
191.969000,-69.725098
191.989000,-71.396912
192.009000,-69.845848
192.029000,-70.292252
192.049000,-72.204422
192.069000,-74.190079
192.089000,-73.995323
192.109000,-70.660103
192.129000,-73.018532
192.149000,-74.359924
192.169000,-76.159096
192.189000,-72.621239
192.209000,-73.315559
192.229000,-72.700058
192.249000,-69.362953
192.269000,-70.152397
192.289000,-68.554924
192.309000,-69.195908
192.329000,-66.334541
192.349000,-69.636871
192.369000,-68.934143
192.389000,-68.220352
192.409000,-66.389221
192.429000,-58.540016
192.449000,-64.856354
192.469000,-67.318596
192.489000,-67.217270
192.509000,-56.182629
192.529000,-66.361710
192.549000,-65.798637
192.569000,-65.203133
192.589000,-55.702168
192.609000,-67.873924
192.629000,-65.093086
192.649000,-66.972923
192.669000,-66.632446
192.689000,-69.054710
192.709000,-68.689804
192.729000,-71.444824
192.749000,-69.513405
192.769000,-69.853714
192.789000,-71.244110
192.809000,-78.303558
192.829000,-61.652073
192.849000,-70.085472
192.869000,-69.121956
192.889000,-74.357147
192.912000,-70.777832
192.929000,-68.618713
192.949000,-70.328529
192.969000,-68.068176
192.989000,-79.357544
193.009000,-71.583435
193.029000,-69.975861
193.049000,-70.296112
193.069000,-57.815704
193.089000,-69.517181
193.109000,-69.917351
193.129000,-68.227684
193.149000,-69.222565
193.169000,-66.688408
193.189000,-56.382526
193.209000,-68.868416
193.229000,-65.710014
193.249000,-66.964897
193.269000,-57.609024
193.289000,-67.313240
193.309000,-64.472351
193.329000,-67.240013
193.349000,-57.361259
193.369000,-66.775436
193.389000,-65.922577
193.409000,-65.138634
193.429000,-65.759148
193.449000,-67.639412
193.469000,-57.079376
193.489000,-65.833153
193.509000,-66.924698
193.529000,-66.781876
193.549000,-64.411781
193.569000,-65.334686
193.589000,-57.044674
193.609000,-67.234657
193.629000,-67.439308
193.649000,-66.203133
193.669000,-68.891396
193.689000,-66.916374
193.709000,-66.828255
193.729000,-65.699745
193.749000,-67.268906
193.769000,-66.550339
193.789000,-66.439102
193.809000,-65.760979
193.829000,-57.463318
193.849000,-66.177933
193.869000,-67.701935
193.889000,-67.271851
193.912000,-67.584534
193.929000,-65.794479
193.949000,-69.313576
193.969000,-68.308090
193.989000,-67.547691
194.009000,-66.772179
194.029000,-68.221970
194.049000,-68.152847
194.069000,-67.524101
194.089000,-66.963806
194.109000,-60.946838
194.129000,-67.514488
194.149000,-67.279396
194.169000,-69.904762
194.189000,-68.574493
194.209000,-68.406311
194.229000,-71.023712
194.249000,-70.030113
194.269000,-69.447678
194.289000,-68.990509
194.309000,-58.009163
194.329000,-68.282249
194.349000,-72.926003
194.369000,-74.194382
194.389000,-68.709229
194.409000,-67.416687
194.429000,-68.758614
194.449000,-69.538887
194.469000,-68.166077
194.489000,-70.916664
194.509000,-70.685547
194.529000,-67.551392
194.549000,-69.191544
194.569000,-70.808212
194.589000,-66.325096
194.609000,-68.730476
194.629000,-68.536301
194.649000,-68.469002
194.669000,-68.193100
194.689000,-68.364342
194.709000,-67.485634
194.729000,-68.247261
194.749000,-67.772820
194.769000,-67.745331
194.789000,-64.060341
194.809000,-67.385063
194.829000,-74.487877
194.849000,-65.997154
194.869000,-66.546638
194.889000,-67.083328
194.909000,-67.294670
194.929000,-67.052963
194.949000,-65.729836
194.969000,-66.823914
194.989000,-68.827065
195.009000,-69.574371
195.029000,-70.372681
195.049000,-67.460777
195.069000,-68.055473
195.089000,-67.650749
195.109000,-69.058662
195.129000,-67.025909
195.149000,-65.316055
195.169000,-68.354568
195.189000,-68.895821
195.209000,-67.427032
195.229000,-68.015289
195.249000,-67.738976
195.269000,-69.175827
195.289000,-68.087997
195.309000,-69.216805
195.329000,-69.772583
195.349000,-67.339340
195.369000,-69.061119
195.389000,-69.035065
195.409000,-65.725258
195.429000,-60.915897
195.449000,-69.908600
195.469000,-69.578651
195.489000,-70.244011
195.509000,-57.929337
195.529000,-71.561646
195.549000,-56.350834
195.569000,-73.421417
195.589000,-71.787910
195.609000,-74.889801
195.629000,-73.913200
195.649000,-73.434464
195.669000,-70.085793
195.689000,-79.477692
195.709000,-75.299606
195.729000,-73.633743
195.749000,-58.273098
195.769000,-73.654640
195.789000,-71.293549
195.809000,-71.569229
195.829000,-72.779526
195.849000,-73.757401
195.869000,-57.788044
195.889000,-70.385178
195.909000,-76.007240
195.929000,-71.878212
195.949000,-71.787239
195.969000,-70.270088
195.989000,-68.825363
196.009000,-71.177681
196.029000,-56.572567
196.049000,-71.196266
196.069000,-72.753029
196.089000,-68.079903
196.109000,-57.419430
196.129000,-70.667595
196.149000,-71.322113
196.169000,-72.031776
196.189000,-58.131886
196.209000,-72.470757
196.229000,-72.010353
196.249000,-73.236023
196.269000,-65.326996
196.289000,-77.869820
196.309000,-76.192970
196.329000,-74.851349
196.349000,-76.029793
196.369000,-77.808731
196.389000,-75.323334
196.409000,-78.888763
196.429000,-75.600403
196.449000,-74.126862
196.469000,-76.027214
196.489000,-74.521355
196.509000,-72.447075
196.529000,-75.390030
196.549000,-75.652267
196.569000,-85.136055
196.589000,-73.807823
196.609000,-73.967064
196.629000,-76.430145
196.649000,-74.325691
196.669000,-80.627029
196.689000,-69.644302
196.709000,-73.909233
196.729000,-73.886879
196.749000,-74.509399
196.769000,-76.024498
196.789000,-73.411507
196.809000,-74.757286
196.829000,-59.702122
196.849000,-71.900909
196.869000,-72.981499
196.889000,-75.805534
196.909000,-74.667542
196.929000,-70.511642
196.949000,-71.038002
196.969000,-73.403435
196.989000,-70.377037
197.009000,-70.424248
197.029000,-70.842468
197.049000,-71.182938
197.069000,-67.844414
197.089000,-77.210083
197.109000,-71.807083
197.129000,-72.672050
197.149000,-70.982857
197.169000,-71.430321
197.189000,-69.518463
197.209000,-71.091812
197.229000,-71.084290
197.249000,-70.245445
197.269000,-72.358009
197.289000,-74.299751
197.309000,-74.212105
197.329000,-73.181107
197.349000,-75.727753
197.369000,-83.676659
197.389000,-81.274872
197.409000,-77.721283
197.429000,-77.356476
197.449000,-75.198730
197.469000,-79.937538
197.489000,-74.928108
197.509000,-80.868271
197.529000,-76.257233
197.549000,-77.275604
197.569000,-75.480728
197.589000,-82.518440
197.609000,-76.266884
197.629000,-82.986809
197.649000,-77.289536
197.669000,-62.099747
197.689000,-76.209015
197.709000,-75.322449
197.729000,-77.063820
197.749000,-62.812965
197.769000,-71.687630
197.789000,-75.090538
197.809000,-77.399597
197.829000,-74.847755
197.849000,-72.164131
197.869000,-72.344673
197.889000,-76.157196
197.909000,-75.275864
197.929000,-87.787941
197.949000,-78.079674
197.969000,-77.148750
197.989000,-74.499016
198.009000,-82.852005
198.029000,-76.519150
198.049000,-94.039360
198.069000,-85.480125
198.089000,-84.256264
198.109000,-77.979187
198.129000,-74.590363
198.149000,-61.557713
198.169000,-77.498108
198.189000,-72.952522
198.209000,-74.227913
198.229000,-73.677353
198.249000,-70.682770
198.269000,-71.624458
198.289000,-70.228004
198.309000,-68.303352
198.329000,-71.704590
198.349000,-70.949280
198.369000,-71.721016
198.389000,-70.562851
198.409000,-73.168015
198.429000,-69.685692
198.449000,-69.786194
198.469000,-70.769470
198.489000,-72.282463
198.509000,-65.153748
198.529000,-70.932137
198.549000,-71.106140
198.569000,-68.187294
198.589000,-66.562599
198.609000,-71.161140
198.629000,-70.406479
198.649000,-74.845642
198.669000,-69.937180
198.689000,-70.927002
198.709000,-70.399551
198.729000,-71.673477
198.749000,-77.939415
198.769000,-76.351334
198.789000,-75.417793
198.809000,-77.845604
198.829000,-75.466675
198.849000,-72.135696
198.869000,-69.409187
198.889000,-69.127579
198.909000,-67.565865
198.929000,-70.072052
198.949000,-63.198792
198.969000,-65.524811
198.989000,-56.083263
199.009000,-68.119682
199.029000,-70.401276
199.049000,-72.637985
199.069000,-72.753380
199.089000,-70.398521
199.109000,-71.304703
199.129000,-69.373543
199.149000,-67.645775
199.169000,-69.352661
199.189000,-69.475815
199.209000,-68.670738
199.229000,-67.886986
199.249000,-68.869194
199.269000,-70.132652
199.289000,-70.471748
199.309000,-69.232018
199.329000,-71.061653
199.349000,-72.905472
199.369000,-72.430588
199.389000,-73.113632
199.409000,-75.295555
199.429000,-81.517776
199.449000,-75.803383
199.469000,-79.719360
199.489000,-75.387558
199.509000,-62.224827
199.529000,-81.788719
199.549000,-84.207443
199.571000,-85.168335
199.589000,-89.765976
199.609000,-85.677635
199.629000,-90.045357
199.649000,-77.263268
199.669000,-63.839344
199.689000,-94.681274
199.709000,-92.839264
199.729000,-77.667076
199.749000,-86.143021
199.769000,-82.863365
199.789000,-82.848221
199.809000,-84.688347
199.829000,-85.884026
199.849000,-81.905685
199.869000,-79.796265
199.889000,-85.868362
199.909000,-61.812393
199.929000,-78.213768
199.949000,-79.907402
199.969000,-77.343941
199.989000,-74.794472
200.009000,-81.680656
200.029000,-60.713406
200.049000,-91.557083
200.069000,-83.309326
200.089000,-77.946136
200.109000,-75.646797
200.129000,-74.645554
200.149000,-72.091713
200.169000,-74.697464
200.189000,-73.806641
200.209000,-73.842865
200.229000,-76.244629
200.249000,-77.913353
200.269000,-73.228683
200.289000,-71.089455
200.309000,-69.499695
200.329000,-69.702324
200.349000,-69.366478
200.369000,-66.755470
200.389000,-65.778984
200.409000,-68.012558
200.429000,-59.266624
200.449000,-65.437897
200.469000,-66.434097
200.489000,-63.447277
200.509000,-65.209244
200.529000,-65.446625
200.549000,-68.405853
200.571000,-68.015266
200.589000,-66.900116
200.609000,-65.934441
200.629000,-65.607063
200.649000,-67.875931
200.669000,-65.700958
200.689000,-66.863167
200.709000,-67.876373
200.729000,-69.602417
200.749000,-58.376274
200.769000,-67.853546
200.789000,-68.762375
200.809000,-66.496315
200.829000,-58.374832
200.849000,-70.537682
200.869000,-71.278976
200.889000,-69.983223
200.909000,-70.467155
200.929000,-69.149582
200.949000,-70.608627
200.969000,-70.026588
200.989000,-71.865540
201.009000,-70.701561
201.029000,-71.207497
201.049000,-68.820190
201.069000,-70.268555
201.089000,-70.107933
201.109000,-73.616608
201.129000,-72.479073
201.149000,-70.762932
201.169000,-74.612297
201.189000,-72.900536
201.209000,-71.522392
201.229000,-72.805672
201.249000,-77.163277
201.269000,-70.416496
201.289000,-77.697830
201.309000,-65.150299
201.329000,-74.289047
201.349000,-72.100113
201.369000,-73.710503
201.389000,-76.369431
201.409000,-78.454453
201.429000,-65.252632
201.449000,-81.853493
201.469000,-75.397537
201.489000,-77.904709
201.509000,-82.829498
201.529000,-78.677101
201.549000,-71.962440
201.569000,-75.412170
201.589000,-83.221733
201.609000,-85.917007
201.629000,-69.150497
201.649000,-88.322365
201.669000,-78.055901
201.689000,-77.945892
201.709000,-79.848602
201.729000,-88.089523
201.749000,-92.792564
201.769000,-81.872200
201.789000,-71.342400
201.809000,-81.312057
201.829000,-77.019432
201.849000,-72.144783
201.869000,-83.478210
201.889000,-76.121056
201.909000,-73.824425
201.929000,-77.540627
201.950000,-73.900314
201.969000,-75.531303
201.989000,-70.937851
202.009000,-72.862457
202.029000,-69.991455
202.049000,-69.928558
202.069000,-69.571320
202.089000,-66.958466
202.109000,-68.753197
202.129000,-67.744514
202.149000,-57.513115
202.169000,-68.314995
202.189000,-57.076225
202.209000,-67.692108
202.229000,-66.826401
202.249000,-67.209679
202.269000,-67.650253
202.289000,-67.080650
202.309000,-66.430328
202.329000,-67.410805
202.349000,-67.416969
202.369000,-66.502548
202.389000,-68.044807
202.409000,-68.464180
