time [s],RIS_roll [rad],RIS_pitch [rad],RIS_yaw [rad],RIS_x [m],RIS_y [m],RIS_z [m]
166.412000,0.004815,0.019348,-0.016347,-0.090394,0.021484,2.112804
166.432000,0.004711,0.019582,-0.016345,-0.089331,0.022193,2.112795
166.452000,0.004199,0.019144,-0.016813,-0.088220,0.022808,2.112855
166.472000,0.005022,0.017405,-0.017557,-0.086709,0.024010,2.113071
166.492000,0.003137,0.017039,-0.018039,-0.085516,0.024081,2.112940
166.512000,0.003987,0.015900,-0.018536,-0.084555,0.025368,2.113249
166.532000,0.004226,0.014131,-0.019226,-0.083050,0.026189,2.113567
166.552000,0.003502,0.013890,-0.019516,-0.082430,0.026815,2.113535
166.572000,0.004807,0.012354,-0.019981,-0.081255,0.028189,2.114129
166.592000,0.004344,0.011598,-0.020331,-0.080184,0.028809,2.114028
166.612000,0.004624,0.011144,-0.020360,-0.079384,0.029899,2.114138
166.632000,0.005966,0.009986,-0.020599,-0.078172,0.031141,2.114292
166.652000,0.005427,0.009817,-0.020867,-0.077489,0.031806,2.114253
166.672000,0.006464,0.010115,-0.020861,-0.076904,0.033079,2.114409
166.692000,0.008251,0.008656,-0.021337,-0.075744,0.034384,2.114505
166.712000,0.007543,0.009550,-0.021254,-0.075447,0.035195,2.114279
166.732000,0.010025,0.008433,-0.021301,-0.074585,0.036754,2.114605
166.752000,0.009888,0.008447,-0.021496,-0.074358,0.037620,2.114875
166.772000,0.010361,0.008754,-0.021294,-0.074244,0.038694,2.115180
166.792000,0.011420,0.008078,-0.021443,-0.073553,0.039880,2.115556
166.812000,0.010852,0.008812,-0.021181,-0.073638,0.040698,2.115561
166.832000,0.011485,0.008610,-0.021083,-0.073203,0.041719,2.115798
166.852000,0.012300,0.008132,-0.021007,-0.072959,0.042992,2.115887
166.872000,0.012045,0.007852,-0.020657,-0.072857,0.043642,2.116008
166.892000,0.013042,0.007632,-0.020133,-0.072744,0.044942,2.116023
166.912000,0.013880,0.006340,-0.019729,-0.072656,0.046052,2.116340
166.932000,0.012893,0.006415,-0.018995,-0.072798,0.046596,2.116033
166.952000,0.014701,0.004785,-0.018498,-0.072720,0.048098,2.116211
166.972000,0.013877,0.004040,-0.017927,-0.072852,0.048627,2.116381
166.992000,0.013573,0.004021,-0.017254,-0.073165,0.049460,2.115942
167.012000,0.015047,0.002430,-0.016861,-0.073087,0.050603,2.116479
167.032000,0.014384,0.002652,-0.016107,-0.073554,0.051153,2.116020
167.052000,0.015569,0.001978,-0.015429,-0.073850,0.052210,2.116333
167.072000,0.016779,0.001036,-0.014800,-0.074166,0.053216,2.116318
167.092000,0.016833,0.000947,-0.013936,-0.074692,0.053871,2.116191
167.112000,0.018886,0.000021,-0.013053,-0.075452,0.055125,2.116622
167.132000,0.019191,-0.000544,-0.012193,-0.076116,0.055847,2.116602
167.152000,0.019747,-0.000234,-0.011059,-0.077342,0.056468,2.116716
167.172000,0.021913,-0.001291,-0.010237,-0.078145,0.057743,2.117105
167.192000,0.021457,-0.000402,-0.009047,-0.079337,0.057916,2.117030
167.212000,0.023391,-0.000281,-0.008131,-0.080594,0.058940,2.117202
167.232000,0.024435,-0.000152,-0.007327,-0.081656,0.059647,2.117219
167.252000,0.024567,0.000314,-0.006328,-0.083339,0.060012,2.117030
167.272000,0.026306,0.000695,-0.005282,-0.084628,0.060724,2.117246
167.292000,0.027211,0.000372,-0.004581,-0.085798,0.061039,2.117220
167.312000,0.026705,0.002003,-0.003125,-0.087689,0.061165,2.116895
167.332000,0.028571,0.001246,-0.002246,-0.088925,0.061731,2.117209
167.352000,0.027079,0.002580,-0.001017,-0.091074,0.061242,2.117052
167.372000,0.027943,0.002959,0.000112,-0.093118,0.061424,2.117392
167.392000,0.027701,0.003199,0.000813,-0.094617,0.061217,2.117276
167.412000,0.026918,0.004212,0.001894,-0.096880,0.060769,2.117169
167.432000,0.027844,0.004043,0.002686,-0.098507,0.060779,2.117173
167.452000,0.027263,0.004788,0.003624,-0.100909,0.060180,2.116935
167.472000,0.026411,0.005803,0.004678,-0.102864,0.059566,2.117070
167.492000,0.027077,0.006051,0.005462,-0.104728,0.059456,2.116891
167.512000,0.024948,0.007884,0.006482,-0.107116,0.058166,2.116800
167.532000,0.025390,0.009427,0.007478,-0.109391,0.057875,2.116676
167.552000,0.024482,0.011361,0.008298,-0.111871,0.056853,2.117112
167.572000,0.023770,0.014288,0.009484,-0.114899,0.056124,2.116994
167.592000,0.024409,0.015423,0.010032,-0.117070,0.055627,2.117341
167.612000,0.023105,0.017788,0.010751,-0.119931,0.054464,2.117113
167.632000,0.023540,0.019662,0.011584,-0.122382,0.053828,2.117281
167.652000,0.023815,0.020637,0.011961,-0.124723,0.053025,2.117360
167.672000,0.022566,0.023269,0.012798,-0.127671,0.051808,2.117464
167.692000,0.023181,0.023870,0.013289,-0.129677,0.051190,2.117311
167.712000,0.021122,0.026161,0.014043,-0.132556,0.049809,2.117108
167.732000,0.021070,0.027454,0.014815,-0.134885,0.048899,2.117072
167.752000,0.020079,0.028875,0.015203,-0.137212,0.047797,2.116941
167.772000,0.018771,0.031026,0.015798,-0.139943,0.046394,2.116794
167.792000,0.018828,0.032113,0.016138,-0.141957,0.045457,2.116599
167.812000,0.017675,0.033884,0.016642,-0.144373,0.044087,2.116287
167.832000,0.017128,0.035033,0.016926,-0.146698,0.042925,2.116104
167.852000,0.016637,0.035539,0.017144,-0.148339,0.041893,2.115753
167.872000,0.014145,0.036335,0.017369,-0.150388,0.040230,2.115313
167.892000,0.013700,0.035575,0.017439,-0.151784,0.039205,2.115089
167.912000,0.010561,0.035525,0.017491,-0.153445,0.037414,2.115109
167.932000,0.010028,0.034946,0.017610,-0.154854,0.036448,2.114931
167.952000,0.008608,0.033641,0.017167,-0.155925,0.035157,2.115152
167.972000,0.006608,0.033937,0.017236,-0.157570,0.033773,2.114912
167.992000,0.007115,0.031769,0.016634,-0.158225,0.032950,2.115053
168.012000,0.005161,0.031566,0.016573,-0.159609,0.031524,2.114738
168.032000,0.005285,0.030244,0.016300,-0.160448,0.030585,2.114835
168.052000,0.004869,0.029422,0.016090,-0.161435,0.029787,2.114693
168.072000,0.003662,0.028899,0.016031,-0.162479,0.028437,2.114718
168.092000,0.004256,0.028106,0.015940,-0.163327,0.027971,2.114416
168.112000,0.003545,0.027219,0.015631,-0.164099,0.026842,2.114428
168.132000,0.003143,0.027809,0.015638,-0.165349,0.026173,2.114083
168.152000,0.004247,0.026278,0.015124,-0.165810,0.025924,2.114545
168.172000,0.002721,0.027246,0.015052,-0.167162,0.025028,2.114108
168.192000,0.003583,0.026668,0.014782,-0.167796,0.024676,2.114318
168.212000,0.003363,0.027063,0.014606,-0.168799,0.024196,2.114055
168.232000,0.002510,0.027956,0.014599,-0.169805,0.023388,2.113917
168.252000,0.003532,0.028151,0.014581,-0.170651,0.023370,2.113807
168.272000,0.002545,0.029053,0.014658,-0.171702,0.022607,2.113724
168.292000,0.002667,0.029925,0.014840,-0.172631,0.022247,2.113503
168.312000,0.003240,0.029821,0.014670,-0.173200,0.022110,2.113461
168.332000,0.002036,0.031141,0.014897,-0.174261,0.021342,2.112769
168.352000,0.003863,0.030588,0.014719,-0.174647,0.021741,2.113044
168.372000,0.002787,0.031337,0.014782,-0.175435,0.021288,2.112864
168.392000,0.003622,0.031605,0.014859,-0.175944,0.021424,2.112779
168.412000,0.003897,0.031836,0.014829,-0.176379,0.021457,2.112908
168.432000,0.003051,0.032828,0.015120,-0.177112,0.021055,2.112631
168.452000,0.004526,0.032672,0.015337,-0.177343,0.021405,2.113014
168.472000,0.004391,0.032919,0.015561,-0.177747,0.021319,2.112985
168.492000,0.005192,0.033221,0.015776,-0.178068,0.021404,2.113177
168.512000,0.006427,0.032496,0.015761,-0.178038,0.021893,2.113644
168.532000,0.006049,0.033177,0.016147,-0.178417,0.021535,2.113674
168.552000,0.008127,0.032583,0.016280,-0.178344,0.022326,2.114156
168.572000,0.008440,0.032220,0.016467,-0.178256,0.022281,2.114526
168.592000,0.008874,0.032216,0.016805,-0.178406,0.022445,2.114374
168.612000,0.010553,0.030812,0.017032,-0.177882,0.022895,2.114944
168.632000,0.010006,0.030823,0.017374,-0.177983,0.022691,2.114542
168.652000,0.011173,0.030060,0.017632,-0.177594,0.023097,2.114993
168.672000,0.011626,0.028801,0.017486,-0.177127,0.023297,2.115100
168.692000,0.010900,0.028876,0.017715,-0.177056,0.022991,2.115062
168.712000,0.012668,0.026941,0.017524,-0.176353,0.023587,2.115211
168.732000,0.011785,0.026684,0.017650,-0.176172,0.023185,2.115339
168.752000,0.012985,0.025422,0.017660,-0.175625,0.023684,2.115764
168.772000,0.013644,0.024447,0.017708,-0.175064,0.023894,2.116300
168.792000,0.013080,0.024120,0.017945,-0.174779,0.023574,2.116203
168.812000,0.014326,0.023592,0.018140,-0.174266,0.024020,2.116800
168.832000,0.014139,0.022772,0.018043,-0.173790,0.023785,2.116856
168.852000,0.013846,0.023397,0.018420,-0.173630,0.023740,2.116948
168.872000,0.015409,0.021688,0.018119,-0.172768,0.024133,2.117453
168.892000,0.014108,0.022513,0.018401,-0.172697,0.023532,2.117172
168.912000,0.015647,0.021725,0.018370,-0.172013,0.023927,2.117415
168.932000,0.015574,0.022118,0.018518,-0.171778,0.023727,2.117419
168.952000,0.015732,0.022462,0.018631,-0.171400,0.023667,2.117534
168.972000,0.016643,0.022665,0.018700,-0.170988,0.023872,2.117832
168.992000,0.015966,0.023338,0.018654,-0.170696,0.023255,2.117792
169.012000,0.016290,0.024938,0.018809,-0.170459,0.023178,2.118214
169.032000,0.017721,0.024877,0.018459,-0.170026,0.023273,2.118130
169.052000,0.016780,0.027232,0.018684,-0.170164,0.022798,2.117786
169.072000,0.018715,0.027143,0.018471,-0.169518,0.022998,2.118090
169.092000,0.017963,0.028998,0.018641,-0.169449,0.022450,2.117785
169.112000,0.018932,0.029828,0.018737,-0.168853,0.022524,2.118340
169.132000,0.019678,0.030735,0.018794,-0.168393,0.022453,2.118182
169.152000,0.018725,0.032150,0.019000,-0.167923,0.021800,2.118414
169.172000,0.019734,0.033188,0.019219,-0.167329,0.021877,2.118550
169.192000,0.019090,0.034107,0.019150,-0.166752,0.021060,2.118565
169.212000,0.019164,0.035504,0.019243,-0.166190,0.020756,2.118552
169.232000,0.019904,0.035298,0.018854,-0.165189,0.020348,2.118757
169.252000,0.018711,0.036444,0.018967,-0.164596,0.019538,2.118620
169.272000,0.019688,0.035285,0.018661,-0.163179,0.019403,2.119028
169.292000,0.018103,0.035001,0.018572,-0.162258,0.018239,2.118642
169.312000,0.017929,0.033622,0.018328,-0.160757,0.017817,2.119199
169.332000,0.017449,0.031872,0.017968,-0.159230,0.017011,2.119316
169.352000,0.015617,0.031078,0.017711,-0.157834,0.015945,2.119574
169.372000,0.015943,0.029196,0.017250,-0.156114,0.015416,2.120123
169.392000,0.014732,0.027980,0.016762,-0.154636,0.014261,2.120095
169.412000,0.014895,0.026923,0.016470,-0.153144,0.013569,2.120467
169.432000,0.015407,0.024691,0.015649,-0.151105,0.012852,2.120778
169.452000,0.014480,0.024300,0.015260,-0.149898,0.011812,2.120818
169.472000,0.015155,0.022648,0.014708,-0.148103,0.011347,2.121185
169.492000,0.015234,0.021329,0.014170,-0.146506,0.010417,2.121351
169.512000,0.014109,0.021002,0.013847,-0.145098,0.009284,2.121414
169.532000,0.015447,0.019502,0.013452,-0.143369,0.008841,2.121853
169.552000,0.013774,0.019479,0.013166,-0.142008,0.007519,2.122132
169.572000,0.014802,0.018876,0.013000,-0.140454,0.007109,2.122687
169.592000,0.015001,0.017894,0.012383,-0.138843,0.006213,2.122893
169.612000,0.013815,0.018456,0.012207,-0.137785,0.005122,2.122942
169.632000,0.014540,0.017255,0.011741,-0.136178,0.004397,2.123228
169.652000,0.013698,0.016641,0.011459,-0.134840,0.003365,2.123196
169.672000,0.012707,0.016259,0.011392,-0.133489,0.002224,2.123297
169.692000,0.013174,0.014712,0.011124,-0.131834,0.001416,2.123222
169.712000,0.010908,0.014742,0.011178,-0.130711,0.000235,2.123596
169.732000,0.010919,0.014242,0.011085,-0.129509,-0.000397,2.123499
169.752000,0.010181,0.013665,0.010817,-0.128068,-0.001364,2.123840
169.772000,0.008257,0.014098,0.010691,-0.127140,-0.002524,2.123536
169.792000,0.008403,0.013756,0.010516,-0.125972,-0.003264,2.123654
169.812000,0.007405,0.013418,0.010290,-0.124830,-0.004302,2.123438
169.832000,0.006215,0.014130,0.010501,-0.124021,-0.005368,2.123252
169.852000,0.006633,0.012989,0.010258,-0.122632,-0.005845,2.123259
169.872000,0.004131,0.014113,0.010596,-0.121941,-0.007287,2.123029
169.892000,0.004327,0.013900,0.010582,-0.120833,-0.007946,2.122757
169.912000,0.002841,0.014516,0.010670,-0.120045,-0.008737,2.123140
169.932000,0.001406,0.015622,0.010759,-0.119478,-0.009794,2.122921
169.952000,0.001370,0.016640,0.010921,-0.118632,-0.010103,2.123246
169.972000,0.000087,0.017859,0.010915,-0.117953,-0.011019,2.123305
169.992000,-0.000978,0.020563,0.011137,-0.117551,-0.011848,2.123319
170.012000,0.000175,0.020993,0.010700,-0.116720,-0.011943,2.123274
170.032000,-0.001841,0.024176,0.010858,-0.116716,-0.013015,2.122728
170.052000,-0.000196,0.024903,0.010936,-0.115921,-0.012988,2.122982
170.072000,-0.001185,0.026557,0.011035,-0.115408,-0.013613,2.122628
170.092000,-0.001116,0.027342,0.011318,-0.114776,-0.014106,2.122381
170.112000,-0.000815,0.027554,0.011450,-0.113835,-0.014255,2.122235
170.132000,-0.001676,0.027930,0.011663,-0.113085,-0.014905,2.121979
170.152000,-0.001643,0.028403,0.011891,-0.112183,-0.014861,2.122056
170.172000,-0.001457,0.027728,0.011821,-0.110927,-0.014956,2.122266
170.192000,-0.002703,0.028593,0.011993,-0.109976,-0.015424,2.122131
170.212000,-0.001103,0.027265,0.011968,-0.108876,-0.015063,2.122035
170.232000,-0.001940,0.027108,0.011993,-0.107919,-0.015569,2.121536
170.252000,-0.001071,0.026330,0.011995,-0.106687,-0.015183,2.121534
170.272000,-0.000427,0.024887,0.011797,-0.105179,-0.014990,2.121367
170.292000,-0.001025,0.024706,0.012048,-0.104238,-0.015141,2.120864
170.312000,0.000036,0.023275,0.012040,-0.102724,-0.014750,2.120806
170.332000,0.000140,0.022409,0.012055,-0.101531,-0.014617,2.120342
170.352000,-0.000035,0.022149,0.012150,-0.100381,-0.014392,2.120252
170.372000,0.001524,0.020560,0.011949,-0.098865,-0.013456,2.120447
170.392000,0.000524,0.020604,0.012075,-0.097899,-0.013619,2.120173
170.412000,0.002250,0.019470,0.012044,-0.096570,-0.012623,2.120155
170.432000,0.002760,0.018560,0.011778,-0.095235,-0.012299,2.120091
170.452000,0.002696,0.018210,0.011636,-0.094138,-0.011835,2.119782
170.472000,0.004754,0.016780,0.011218,-0.092605,-0.010867,2.120053
170.492000,0.004422,0.016639,0.010988,-0.091605,-0.010543,2.119649
170.512000,0.005306,0.016859,0.010957,-0.090318,-0.009571,2.120101
170.532000,0.006378,0.015973,0.010599,-0.089177,-0.008824,2.120016
170.552000,0.005680,0.017023,0.010676,-0.088320,-0.008478,2.120235
170.572000,0.007260,0.016834,0.010509,-0.087096,-0.007286,2.120622
170.592000,0.006723,0.018125,0.010567,-0.086304,-0.007119,2.120594
170.612000,0.007302,0.019223,0.010473,-0.085457,-0.006278,2.120810
170.632000,0.008109,0.020116,0.010233,-0.084458,-0.005580,2.121006
170.652000,0.007832,0.021793,0.010190,-0.083758,-0.005235,2.121131
170.672000,0.009080,0.023635,0.010132,-0.083072,-0.004293,2.121419
170.692000,0.010583,0.024254,0.009719,-0.082042,-0.003691,2.121602
170.712000,0.010934,0.026621,0.009829,-0.081363,-0.002932,2.121996
170.732000,0.013768,0.026092,0.009460,-0.079960,-0.001813,2.122486
170.752000,0.012839,0.027812,0.009522,-0.079209,-0.001513,2.122544
170.772000,0.014556,0.027536,0.009385,-0.077724,-0.000459,2.123204
170.792000,0.014668,0.027517,0.009123,-0.076422,-0.000075,2.123082
170.812000,0.014744,0.027845,0.008988,-0.075183,0.000417,2.123334
170.832000,0.015847,0.027154,0.008648,-0.073636,0.001069,2.123405
170.852000,0.015452,0.026669,0.008334,-0.072264,0.001349,2.123473
170.872000,0.015845,0.026254,0.008130,-0.070750,0.001869,2.123565
170.892000,0.016801,0.024217,0.007462,-0.068918,0.002583,2.123427
170.913000,0.015333,0.023528,0.007276,-0.067454,0.002458,2.123267
170.932000,0.016338,0.021252,0.006791,-0.065408,0.003392,2.123307
170.952000,0.014758,0.020013,0.006504,-0.063645,0.003482,2.123462
170.972000,0.014134,0.018631,0.006128,-0.061835,0.004046,2.123461
170.992000,0.013931,0.016570,0.005613,-0.059850,0.004457,2.123566
171.012000,0.012285,0.015189,0.005224,-0.058083,0.004504,2.123442
171.032000,0.011857,0.014048,0.004910,-0.056362,0.004909,2.123473
171.052000,0.011481,0.011929,0.004173,-0.054366,0.005288,2.123550
171.072000,0.009618,0.012016,0.004057,-0.052989,0.005328,2.123369
171.092000,0.010133,0.010210,0.003509,-0.051150,0.006051,2.123506
171.112000,0.008123,0.010860,0.003336,-0.050028,0.006241,2.123627
171.132000,0.007608,0.011216,0.002995,-0.048802,0.006595,2.123582
171.152000,0.007482,0.011735,0.002719,-0.047609,0.007357,2.123767
171.172000,0.006030,0.012944,0.002669,-0.046715,0.007485,2.123730
171.192000,0.006207,0.014128,0.002646,-0.045743,0.008187,2.123569
171.212000,0.006493,0.014318,0.002312,-0.044612,0.008871,2.123640
171.232000,0.005169,0.015878,0.002320,-0.043828,0.009037,2.122998
171.252000,0.007055,0.015644,0.002126,-0.042500,0.010239,2.122726
171.272000,0.005482,0.016707,0.002065,-0.041798,0.010445,2.122344
171.292000,0.005958,0.017052,0.002194,-0.040810,0.011330,2.121727
171.312000,0.005410,0.016597,0.001993,-0.039531,0.012183,2.121603
171.332000,0.003806,0.017414,0.002414,-0.038838,0.012566,2.120863
171.352000,0.003599,0.016973,0.002512,-0.037464,0.013752,2.120545
171.372000,0.002818,0.016816,0.002618,-0.036593,0.014522,2.120229
171.392000,0.001907,0.016734,0.002938,-0.035584,0.015085,2.119618
171.412000,0.002829,0.015706,0.003119,-0.034314,0.016586,2.119183
171.432000,0.001882,0.015151,0.003441,-0.033252,0.017078,2.118558
171.452000,0.002298,0.014755,0.003935,-0.032185,0.018525,2.117795
171.472000,0.002806,0.013038,0.003991,-0.030727,0.019756,2.117455
171.492000,0.001213,0.013703,0.004580,-0.030058,0.020442,2.116441
171.512000,0.002794,0.011912,0.004706,-0.028579,0.022083,2.116319
171.532000,0.001263,0.012419,0.005202,-0.027918,0.022903,2.115411
171.552000,0.002482,0.011534,0.005679,-0.026893,0.024648,2.115147
171.572000,0.002879,0.011318,0.006075,-0.025981,0.026233,2.114703
171.592000,0.002806,0.011625,0.006809,-0.025306,0.027337,2.114029
171.612000,0.004274,0.011745,0.007490,-0.024487,0.029316,2.113677
171.632000,0.004595,0.012105,0.008285,-0.023867,0.030573,2.112977
171.652000,0.005232,0.013340,0.009226,-0.023366,0.032254,2.112551
171.672000,0.007193,0.013902,0.009960,-0.022754,0.034168,2.112228
171.692000,0.006845,0.015809,0.010892,-0.022501,0.035372,2.111508
171.712000,0.009467,0.016608,0.011829,-0.021960,0.037548,2.111570
171.732000,0.009959,0.017878,0.012672,-0.021586,0.038871,2.110891
171.752000,0.012068,0.019405,0.013848,-0.021234,0.040916,2.110682
171.772000,0.013706,0.019537,0.014507,-0.020498,0.042727,2.110335
171.792000,0.014275,0.021855,0.015898,-0.020367,0.044118,2.109734
171.812000,0.016548,0.021735,0.016581,-0.019577,0.046116,2.109491
171.832000,0.016300,0.023534,0.017972,-0.019357,0.047183,2.108813
171.852000,0.018256,0.023366,0.018959,-0.018589,0.049102,2.108529
171.872000,0.017955,0.024193,0.020198,-0.018164,0.050111,2.107967
171.892000,0.019339,0.023584,0.021314,-0.017406,0.051762,2.107287
171.912000,0.019406,0.022399,0.022192,-0.016393,0.052975,2.107176
171.932000,0.019452,0.021615,0.023301,-0.015678,0.054227,2.106464
171.952000,0.020109,0.018858,0.023959,-0.014231,0.055673,2.106444
171.972000,0.019070,0.017736,0.025147,-0.013458,0.056647,2.105693
171.992000,0.019465,0.014460,0.025918,-0.012000,0.057969,2.105464
172.012000,0.017992,0.012426,0.026812,-0.011093,0.058754,2.104673
172.032000,0.017845,0.009180,0.027626,-0.009792,0.059890,2.104382
172.052000,0.017218,0.005831,0.028298,-0.008621,0.060939,2.103740
172.072000,0.016603,0.002536,0.029054,-0.007470,0.061906,2.103536
172.092000,0.016823,-0.001224,0.029427,-0.006264,0.063144,2.103000
172.112000,0.015874,-0.004783,0.029964,-0.005251,0.063920,2.102656
172.132000,0.015977,-0.008583,0.030320,-0.004228,0.065222,2.102452
172.152000,0.015156,-0.012141,0.030625,-0.003524,0.066221,2.102328
172.172000,0.013836,-0.014579,0.031169,-0.003045,0.067120,2.102012
172.194000,0.013908,-0.018075,0.031257,-0.002543,0.068628,2.101979
172.212000,0.012621,-0.019952,0.031906,-0.002370,0.069365,2.101972
172.232000,0.012711,-0.020946,0.032126,-0.002540,0.070425,2.101740
172.252000,0.011195,-0.020472,0.032598,-0.003249,0.070969,2.101671
172.272000,0.011929,-0.020058,0.032956,-0.004031,0.072335,2.101315
172.292000,0.012943,-0.019641,0.033029,-0.004844,0.073611,2.101529
172.312000,0.012336,-0.017130,0.033543,-0.006486,0.074581,2.101029
172.332000,0.013689,-0.015985,0.033871,-0.007746,0.075908,2.101366
172.352000,0.013011,-0.012748,0.034598,-0.010017,0.076826,2.101142
172.372000,0.013636,-0.010722,0.035205,-0.011678,0.077982,2.101384
172.392000,0.013501,-0.007444,0.036061,-0.013981,0.078924,2.101504
172.412000,0.012976,-0.003654,0.037176,-0.016314,0.079725,2.101832
172.432000,0.013719,0.000093,0.038231,-0.018666,0.080895,2.102091
172.452000,0.012719,0.004773,0.039455,-0.021409,0.081513,2.102153
172.472000,0.014276,0.008684,0.040801,-0.023869,0.082713,2.102522
172.492000,0.014119,0.012597,0.042277,-0.026544,0.083499,2.102709
172.512000,0.015293,0.016704,0.044108,-0.029230,0.084756,2.103396
172.532000,0.015930,0.019572,0.045682,-0.031594,0.085710,2.103546
172.552000,0.016030,0.023578,0.047805,-0.034241,0.086631,2.104001
172.572000,0.017325,0.025308,0.049385,-0.036255,0.087811,2.104202
172.592000,0.016342,0.029000,0.051592,-0.038712,0.088255,2.104588
172.612000,0.018085,0.030423,0.053214,-0.040618,0.089663,2.105099
172.632000,0.017369,0.033661,0.055277,-0.042855,0.089983,2.105254
172.652000,0.019233,0.035132,0.057252,-0.044661,0.091301,2.105807
172.672000,0.019127,0.037093,0.059261,-0.046489,0.091733,2.105942
172.692000,0.020682,0.038072,0.061286,-0.048063,0.092975,2.106405
172.712000,0.021088,0.038570,0.062958,-0.049512,0.093711,2.106945
172.732000,0.021224,0.039467,0.064908,-0.050905,0.094512,2.107208
172.752000,0.021586,0.038917,0.066378,-0.052056,0.095412,2.107570
172.772000,0.020950,0.039486,0.068343,-0.053041,0.095804,2.107779
172.792000,0.021521,0.038227,0.069520,-0.053621,0.096659,2.108228
172.812000,0.020451,0.038660,0.071396,-0.054728,0.097058,2.108495
172.832000,0.021642,0.036862,0.072681,-0.054903,0.097873,2.108699
172.852000,0.021037,0.036581,0.074445,-0.055651,0.098219,2.108719
172.872000,0.021975,0.034896,0.075709,-0.055749,0.099062,2.109101
172.892000,0.021464,0.034305,0.077083,-0.056299,0.099329,2.109087
172.912000,0.022500,0.032485,0.078229,-0.056381,0.100341,2.109776
172.932000,0.022534,0.031259,0.079348,-0.056635,0.100754,2.109730
172.952000,0.023309,0.029858,0.080546,-0.056715,0.101494,2.110358
172.972000,0.024258,0.028043,0.081464,-0.056741,0.102124,2.110201
172.992000,0.025037,0.026373,0.082582,-0.056665,0.102757,2.110737
173.012000,0.025687,0.024696,0.083564,-0.056652,0.103347,2.110821
173.032000,0.025791,0.023574,0.084644,-0.056585,0.103635,2.111090
173.052000,0.026578,0.021902,0.085489,-0.056493,0.104125,2.111314
173.072000,0.026374,0.021240,0.086437,-0.056537,0.104179,2.111453
173.092000,0.027613,0.019686,0.087136,-0.056429,0.104609,2.111828
173.112000,0.027347,0.019071,0.087775,-0.056558,0.104581,2.111924
173.132000,0.029105,0.017029,0.088121,-0.056346,0.104962,2.112420
173.152000,0.028828,0.016148,0.088474,-0.056601,0.104878,2.112611
173.172000,0.030486,0.013641,0.088652,-0.056318,0.105199,2.112971
173.194000,0.029926,0.012270,0.088791,-0.056520,0.104875,2.113164
173.212000,0.030389,0.009896,0.088781,-0.056355,0.104862,2.113426
173.232000,0.030144,0.008461,0.088878,-0.056424,0.104346,2.113465
173.252000,0.030681,0.006780,0.088817,-0.056533,0.104197,2.113717
173.272000,0.030592,0.005348,0.088557,-0.056621,0.103470,2.113969
173.292000,0.030952,0.004460,0.088398,-0.056971,0.103081,2.114181
173.312000,0.031527,0.003487,0.087948,-0.057306,0.102483,2.114564
173.332000,0.031446,0.003307,0.087707,-0.057856,0.101694,2.114602
173.352000,0.032409,0.002401,0.087094,-0.058341,0.101294,2.115184
173.372000,0.031576,0.002424,0.086836,-0.059074,0.100105,2.115376
173.392000,0.032138,0.001694,0.086197,-0.059698,0.099574,2.115684
173.412000,0.030827,0.001579,0.085673,-0.060518,0.098126,2.115964
173.432000,0.031081,0.001235,0.084970,-0.061362,0.096903,2.116139
173.452000,0.030095,0.001113,0.084139,-0.062190,0.095645,2.116325
173.472000,0.030136,0.001401,0.083546,-0.063324,0.094510,2.116329
173.492000,0.029519,0.000737,0.082275,-0.064154,0.092989,2.116535
173.512000,0.028610,0.001588,0.081577,-0.065554,0.091688,2.116832
173.532000,0.028627,0.000693,0.080206,-0.066453,0.090262,2.117166
173.552000,0.027010,0.001346,0.079389,-0.067920,0.088513,2.117392
173.572000,0.026986,0.000733,0.078066,-0.068893,0.087120,2.117609
173.592000,0.024835,0.001971,0.077248,-0.070586,0.085085,2.117739
173.612000,0.023860,0.002615,0.076112,-0.071978,0.083558,2.117934
173.632000,0.021755,0.003715,0.074922,-0.073666,0.081269,2.117878
173.652000,0.019875,0.005726,0.073960,-0.075529,0.079284,2.118013
173.672000,0.019012,0.006430,0.072371,-0.077182,0.077415,2.117924
173.692000,0.016474,0.008695,0.071229,-0.079348,0.074966,2.117994
173.712000,0.016425,0.008619,0.069356,-0.080784,0.073610,2.117821
173.732000,0.013766,0.010604,0.068062,-0.082828,0.071273,2.117736
173.752000,0.014050,0.010415,0.066351,-0.084267,0.070156,2.118141
173.772000,0.011830,0.012105,0.064946,-0.086257,0.067870,2.117957
173.792000,0.011646,0.012773,0.063471,-0.088125,0.066377,2.118309
173.812000,0.010001,0.013840,0.062030,-0.089841,0.064780,2.118286
173.832000,0.008762,0.014878,0.060768,-0.091797,0.063090,2.118179
173.852000,0.007697,0.014836,0.059051,-0.093281,0.061632,2.118234
173.872000,0.005402,0.015726,0.057731,-0.095310,0.059507,2.117998
173.892000,0.004929,0.015521,0.056106,-0.096866,0.058223,2.118053
173.912000,0.003438,0.015748,0.054614,-0.098610,0.056469,2.118033
173.932000,0.002685,0.016466,0.053295,-0.100476,0.054957,2.117736
173.952000,0.003505,0.015922,0.051532,-0.101966,0.054415,2.118020
173.972000,0.002055,0.017456,0.050183,-0.104046,0.052873,2.117723
173.992000,0.004130,0.017105,0.048417,-0.105622,0.052695,2.117899
174.012000,0.003364,0.018493,0.047111,-0.107608,0.051466,2.117839
174.032000,0.005784,0.018885,0.045625,-0.109418,0.051225,2.117611
174.052000,0.006051,0.019534,0.044168,-0.111405,0.050276,2.117392
174.072000,0.007358,0.020908,0.042951,-0.113218,0.049756,2.117102
174.092000,0.009143,0.020744,0.041280,-0.114649,0.049593,2.117322
174.112000,0.009422,0.022350,0.040096,-0.116660,0.049297,2.117046
174.132000,0.011434,0.022291,0.038532,-0.118163,0.049078,2.117062
174.152000,0.012120,0.023208,0.037279,-0.119925,0.048740,2.116869
174.172000,0.013652,0.023899,0.036182,-0.121575,0.048421,2.116715
174.195000,0.015683,0.024162,0.034852,-0.123245,0.048207,2.116487
174.212000,0.017646,0.024807,0.033371,-0.124756,0.048292,2.116566
174.232000,0.019163,0.025059,0.032307,-0.126129,0.047881,2.116427
174.252000,0.019523,0.025874,0.031149,-0.127698,0.047330,2.116140
174.272000,0.021589,0.025986,0.030259,-0.129111,0.047040,2.116033
174.292000,0.022478,0.025333,0.028909,-0.130240,0.046657,2.115811
174.312000,0.022851,0.025618,0.028157,-0.131626,0.046311,2.115751
174.332000,0.024335,0.024212,0.026811,-0.132446,0.045999,2.115698
174.352000,0.023410,0.024778,0.025919,-0.134021,0.045079,2.115454
174.372000,0.024740,0.023885,0.024874,-0.134994,0.044749,2.115473
174.392000,0.024413,0.023737,0.023806,-0.136027,0.043958,2.115168
174.412000,0.024616,0.023421,0.023047,-0.137122,0.043332,2.115182
174.432000,0.025293,0.022375,0.022048,-0.138142,0.042416,2.114769
174.452000,0.024386,0.022264,0.021293,-0.139085,0.041489,2.114750
174.472000,0.025257,0.021559,0.020404,-0.139979,0.040788,2.114474
174.492000,0.025087,0.020731,0.019328,-0.140859,0.039687,2.114369
174.512000,0.025193,0.021129,0.018725,-0.142015,0.038788,2.114020
174.532000,0.026698,0.019818,0.017791,-0.142787,0.038093,2.114086
174.552000,0.025509,0.020641,0.017569,-0.144091,0.036958,2.113932
174.572000,0.027104,0.019421,0.017080,-0.144801,0.036320,2.114129
174.592000,0.025860,0.019613,0.016830,-0.145863,0.034963,2.114114
174.612000,0.026018,0.019808,0.016706,-0.146949,0.034052,2.114277
174.632000,0.025775,0.019453,0.016351,-0.147730,0.032750,2.114440
174.652000,0.024420,0.020205,0.016307,-0.148994,0.031299,2.114294
174.672000,0.024264,0.020093,0.016214,-0.149850,0.029956,2.114642
174.692000,0.023486,0.020324,0.015954,-0.150855,0.028666,2.114664
174.712000,0.022608,0.021110,0.016025,-0.151914,0.027376,2.115152
174.732000,0.023491,0.020797,0.015869,-0.152661,0.026395,2.115192
174.752000,0.021945,0.021741,0.015889,-0.153775,0.024733,2.115431
174.772000,0.022274,0.021826,0.015895,-0.154675,0.023616,2.115385
174.792000,0.021797,0.021368,0.015670,-0.155311,0.022132,2.115767
174.812000,0.020426,0.022228,0.015853,-0.156403,0.020588,2.115679
174.832000,0.021033,0.021334,0.015621,-0.156826,0.019324,2.115986
174.852000,0.019295,0.021948,0.015930,-0.157846,0.017518,2.115887
174.872000,0.018935,0.021744,0.016108,-0.158462,0.015990,2.116010
174.892000,0.018499,0.021474,0.016380,-0.159112,0.014507,2.116136
174.912000,0.016628,0.021751,0.016817,-0.160014,0.012780,2.116238
174.932000,0.017073,0.021116,0.017297,-0.160577,0.011586,2.116442
174.952000,0.015345,0.020829,0.017560,-0.161206,0.009763,2.116406
174.972000,0.014892,0.021456,0.018232,-0.162100,0.008228,2.116379
174.992000,0.014487,0.020730,0.018370,-0.162463,0.006894,2.116573
175.012000,0.012788,0.021921,0.019072,-0.163495,0.005033,2.116367
175.032000,0.013033,0.021937,0.019501,-0.164034,0.003717,2.116421
175.052000,0.012838,0.022176,0.019880,-0.164734,0.002235,2.116249
175.072000,0.012218,0.022718,0.020406,-0.165402,0.000571,2.116218
175.092000,0.013080,0.022019,0.020686,-0.165740,-0.000375,2.115980
175.112000,0.011638,0.022189,0.021138,-0.166310,-0.002213,2.115940
175.132000,0.012152,0.022097,0.021725,-0.166831,-0.003213,2.115714
175.152000,0.012035,0.021582,0.021846,-0.167203,-0.004460,2.116016
175.172000,0.011039,0.022697,0.022374,-0.168005,-0.005853,2.115657
175.192000,0.012144,0.021824,0.022294,-0.168242,-0.006861,2.115839
175.212000,0.011041,0.023201,0.022771,-0.169052,-0.008134,2.115953
175.232000,0.011986,0.022971,0.022862,-0.169285,-0.009063,2.116074
175.252000,0.012050,0.023545,0.022954,-0.169836,-0.010222,2.116139
175.272000,0.011799,0.023884,0.022985,-0.170220,-0.011451,2.115924
175.292000,0.013158,0.023357,0.023094,-0.170366,-0.012042,2.116304
175.312000,0.011804,0.023662,0.023243,-0.170728,-0.013278,2.116371
175.332000,0.012168,0.024292,0.023877,-0.171099,-0.014156,2.116400
175.352000,0.011891,0.024280,0.024180,-0.171159,-0.015117,2.116663
175.372000,0.010584,0.026149,0.025132,-0.171754,-0.016546,2.116355
175.392000,0.011260,0.026635,0.025845,-0.171833,-0.017199,2.116755
175.412000,0.010656,0.028346,0.026791,-0.172304,-0.018318,2.116481
175.432000,0.011043,0.030103,0.027801,-0.172565,-0.019264,2.116536
175.452000,0.012127,0.031411,0.028613,-0.172742,-0.019887,2.116382
175.472000,0.011918,0.033366,0.029794,-0.173032,-0.021183,2.116161
175.492000,0.013715,0.033983,0.030806,-0.172924,-0.021581,2.115960
175.512000,0.013335,0.035344,0.031897,-0.172939,-0.022870,2.115854
175.532000,0.014799,0.036088,0.033136,-0.172817,-0.023321,2.115722
175.552000,0.015307,0.035940,0.034185,-0.172394,-0.024195,2.116084
175.572000,0.015464,0.037100,0.035925,-0.172268,-0.025123,2.115839
175.592000,0.016623,0.036325,0.037232,-0.171504,-0.025717,2.116119
175.612000,0.015577,0.037334,0.039397,-0.171335,-0.026930,2.115933
175.632000,0.016480,0.035858,0.040938,-0.170171,-0.027650,2.115954
175.652000,0.015579,0.035989,0.043080,-0.169604,-0.028893,2.115779
175.672000,0.015147,0.035513,0.044895,-0.168505,-0.029912,2.115557
175.692000,0.014942,0.034964,0.046840,-0.167375,-0.030956,2.115233
175.712000,0.012983,0.035664,0.048979,-0.166670,-0.032278,2.115232
175.732000,0.013408,0.035309,0.050969,-0.165531,-0.033025,2.115033
175.752000,0.011043,0.036499,0.053283,-0.164597,-0.034502,2.115003
175.772000,0.011639,0.036091,0.055117,-0.163448,-0.035025,2.114696
175.792000,0.009718,0.037359,0.057190,-0.162564,-0.036448,2.114579
175.812000,0.010413,0.037885,0.059237,-0.161359,-0.036899,2.114456
175.832000,0.009397,0.039381,0.061377,-0.160257,-0.038252,2.114105
175.852000,0.009757,0.040951,0.063681,-0.159204,-0.038815,2.113952
175.872000,0.009684,0.042202,0.065485,-0.157880,-0.039792,2.113635
175.892000,0.009111,0.044131,0.067812,-0.156741,-0.040702,2.113443
175.912000,0.009312,0.044975,0.069592,-0.155182,-0.041456,2.113303
175.932000,0.009118,0.046905,0.071750,-0.153786,-0.042412,2.113086
175.952000,0.009723,0.048156,0.073341,-0.152189,-0.042909,2.113352
175.972000,0.009840,0.050063,0.075149,-0.150648,-0.043707,2.113318
175.992000,0.010708,0.051276,0.076674,-0.148890,-0.044151,2.113753
176.012000,0.010813,0.052866,0.078325,-0.147074,-0.044820,2.113880
176.032000,0.011668,0.053747,0.079777,-0.144901,-0.045434,2.114235
176.052000,0.011129,0.055062,0.081365,-0.142908,-0.046178,2.114260
176.072000,0.011671,0.055031,0.082679,-0.140270,-0.046813,2.114595
176.092000,0.010572,0.055592,0.084118,-0.137863,-0.047616,2.114835
176.112000,0.010972,0.055124,0.085271,-0.134893,-0.047995,2.115654
176.132000,0.009816,0.055517,0.086480,-0.132113,-0.048906,2.115906
176.152000,0.010146,0.055014,0.087260,-0.128984,-0.049186,2.116615
176.172000,0.008874,0.054829,0.087999,-0.125691,-0.050156,2.116999
176.192000,0.008767,0.054237,0.088576,-0.122372,-0.050473,2.117665
176.212000,0.007546,0.053856,0.089070,-0.118826,-0.051277,2.118306
176.232000,0.007406,0.052754,0.089342,-0.115142,-0.051665,2.118690
176.252000,0.005983,0.051503,0.089466,-0.111331,-0.052468,2.119254
176.272000,0.006183,0.049541,0.089567,-0.107221,-0.052709,2.119781
176.292000,0.004833,0.047974,0.089614,-0.103289,-0.053379,2.120220
176.312000,0.004786,0.045530,0.089722,-0.098846,-0.053494,2.120882
176.332000,0.003109,0.043276,0.089490,-0.094646,-0.054017,2.121085
176.352000,0.002114,0.040777,0.089486,-0.089665,-0.054086,2.121878
176.372000,0.000627,0.038279,0.089105,-0.085781,-0.054342,2.122148
176.392000,-0.000633,0.035897,0.088825,-0.081194,-0.054410,2.122900
