time [s],magnitude [dB]
172.384000,-69.925255
172.404000,-70.546432
172.424000,-69.956818
172.444000,-70.142235
172.465000,-73.683029
172.487000,-72.854584
172.504000,-72.535904
172.524000,-78.705109
172.544000,-72.399918
172.565000,-76.752357
172.584000,-73.397606
172.604000,-75.220612
172.624000,-73.561165
172.644000,-81.115906
172.665000,-78.072662
172.685000,-74.757637
172.704000,-81.270889
172.724000,-76.219643
172.744000,-77.695694
172.765000,-77.652443
172.784000,-79.706993
172.804000,-79.229607
172.824000,-78.826408
172.845000,-88.291634
172.864000,-87.854462
172.884000,-81.429428
172.904000,-87.465218
172.924000,-81.521835
172.944000,-71.538445
172.965000,-77.402695
172.984000,-73.729568
173.004000,-72.777763
173.024000,-71.127365
173.044000,-69.619957
173.064000,-66.439461
173.084000,-67.000854
173.104000,-63.635105
173.124000,-64.191261
173.145000,-63.559452
173.165000,-64.442123
173.184000,-65.684662
173.204000,-65.592278
173.224000,-65.253815
173.244000,-66.236320
173.264000,-64.796349
173.285000,-68.034996
173.304000,-66.649284
173.324000,-66.442657
173.344000,-66.743790
173.365000,-66.356750
173.384000,-65.517914
173.404000,-64.744110
173.424000,-67.938881
173.445000,-65.329147
173.465000,-64.290283
173.484000,-66.269318
173.504000,-65.644165
173.524000,-68.437981
173.544000,-68.040138
173.564000,-72.231438
173.584000,-73.404655
173.604000,-73.258873
173.624000,-76.022507
173.644000,-70.345016
173.665000,-69.988945
173.684000,-69.615540
173.704000,-66.305557
173.724000,-65.564240
173.745000,-67.012054
173.765000,-63.675739
173.784000,-65.830124
173.804000,-65.508659
173.824000,-65.228867
173.845000,-63.815147
173.865000,-66.057281
173.884000,-65.497421
173.904000,-66.067253
173.924000,-66.523468
173.945000,-65.220863
173.964000,-65.187599
173.984000,-66.427231
174.004000,-65.875267
174.024000,-66.567902
174.044000,-66.367386
174.065000,-65.262199
174.085000,-66.435013
174.104000,-65.960564
174.124000,-65.284584
174.145000,-67.554535
174.165000,-65.198219
174.184000,-66.697548
174.204000,-64.314270
174.224000,-64.867317
174.245000,-65.514343
174.265000,-65.096771
174.284000,-65.456734
174.304000,-68.216446
174.324000,-67.391777
174.344000,-65.025826
174.365000,-67.724869
174.385000,-67.458229
174.404000,-69.466431
174.424000,-66.956734
174.444000,-68.684807
174.464000,-69.877716
174.484000,-71.861916
174.504000,-66.327751
174.524000,-70.867462
174.544000,-69.688858
174.564000,-70.095657
174.584000,-68.482651
174.604000,-68.428253
174.624000,-67.144012
174.645000,-68.776466
174.665000,-67.238068
174.684000,-68.697128
174.704000,-67.630646
174.724000,-67.657173
174.744000,-66.384338
174.765000,-66.815132
174.784000,-67.534340
174.804000,-65.383202
174.824000,-65.222748
174.844000,-64.880394
174.865000,-65.548073
174.884000,-64.853729
174.904000,-65.828468
174.924000,-66.046867
174.945000,-62.699623
174.964000,-64.695145
174.984000,-63.935009
175.004000,-65.036423
175.024000,-62.520622
175.044000,-65.747490
175.064000,-63.390747
175.084000,-63.030525
175.104000,-64.259689
175.124000,-65.643990
175.144000,-63.495365
175.165000,-64.939400
175.184000,-64.782669
175.204000,-64.504723
175.224000,-65.586838
175.245000,-66.932808
175.265000,-65.139946
175.284000,-66.097267
175.304000,-67.265968
175.324000,-67.592651
175.344000,-65.544846
175.365000,-67.158722
175.384000,-66.283554
175.404000,-67.175491
175.424000,-67.705582
175.444000,-69.112663
175.464000,-66.762100
175.484000,-67.546921
175.504000,-68.830002
175.524000,-68.018257
175.545000,-71.623848
175.565000,-71.383362
175.584000,-70.264412
175.604000,-72.797585
175.624000,-67.826599
175.644000,-73.642380
175.665000,-75.266029
175.684000,-69.393021
175.704000,-80.717667
175.724000,-73.378555
175.744000,-78.593063
175.765000,-70.995766
175.784000,-69.161850
175.804000,-72.028572
175.824000,-78.694412
175.844000,-72.732605
175.865000,-72.127670
175.884000,-78.006752
175.904000,-80.756203
175.924000,-72.705429
175.944000,-69.943657
175.965000,-68.400330
175.984000,-73.522980
176.004000,-72.957741
176.024000,-74.376587
176.045000,-71.519485
176.065000,-72.673920
176.084000,-71.958557
176.104000,-69.211815
176.124000,-71.555763
176.144000,-67.728722
176.164000,-71.884842
176.185000,-71.889267
176.204000,-68.104530
176.224000,-67.374268
176.244000,-68.834312
176.265000,-69.133568
176.284000,-69.056160
176.304000,-66.704056
176.324000,-67.297638
176.344000,-68.241753
176.365000,-66.874245
176.385000,-68.712669
176.404000,-67.259323
176.425000,-66.118767
176.445000,-66.632629
176.464000,-66.304634
176.484000,-65.912254
176.504000,-67.375381
176.524000,-67.306328
176.544000,-67.284721
176.565000,-66.027252
176.584000,-67.828224
176.604000,-67.690353
176.624000,-67.822090
176.644000,-67.448807
176.664000,-67.014526
176.684000,-68.010818
176.704000,-66.905540
176.724000,-69.505821
176.745000,-68.639275
176.765000,-81.850098
176.784000,-75.838921
176.805000,-85.928261
176.824000,-78.377594
176.845000,-75.427872
176.864000,-82.853554
176.884000,-83.452034
176.904000,-73.452553
176.924000,-81.031319
176.945000,-77.063614
176.965000,-75.562042
176.984000,-77.011932
177.004000,-79.618088
177.024000,-81.917595
177.045000,-82.424240
177.065000,-85.616249
177.084000,-78.838097
177.104000,-74.259186
177.124000,-73.319923
177.144000,-69.418488
177.164000,-67.545151
177.184000,-66.431450
177.204000,-65.437912
177.224000,-64.175911
177.244000,-65.703354
177.265000,-64.820869
177.284000,-64.251427
177.304000,-64.165321
177.324000,-64.782097
177.344000,-64.536591
177.365000,-65.107330
177.384000,-64.119675
177.404000,-67.992279
177.424000,-65.711723
177.444000,-65.207390
177.465000,-65.636665
177.485000,-65.177330
177.504000,-63.892155
177.524000,-62.711914
177.544000,-63.504143
177.565000,-61.619118
177.584000,-62.037331
177.604000,-61.011631
177.624000,-64.058052
177.645000,-64.321960
177.665000,-65.492599
177.684000,-65.328690
177.704000,-67.224075
177.724000,-66.074783
177.744000,-67.897263
177.764000,-67.842232
177.784000,-66.307350
177.804000,-65.769798
177.824000,-66.177475
177.845000,-65.089012
177.865000,-67.718567
177.884000,-65.235252
177.904000,-66.138741
177.924000,-65.513702
177.944000,-64.414551
177.964000,-65.044846
177.985000,-65.196938
178.004000,-64.024948
178.024000,-63.364601
178.044000,-63.707565
178.065000,-63.761139
178.084000,-64.673347
178.104000,-64.251945
178.124000,-64.126129
178.144000,-64.228539
178.164000,-66.416039
178.184000,-66.400932
178.204000,-67.086037
178.224000,-67.040543
178.244000,-69.009544
178.264000,-68.591316
178.284000,-67.814354
178.304000,-66.941917
178.324000,-67.377068
178.345000,-69.913612
178.365000,-69.136536
178.384000,-69.806084
178.404000,-70.034676
178.424000,-70.363632
178.445000,-68.220604
178.465000,-69.945953
178.484000,-69.387589
178.504000,-68.921158
178.524000,-68.920258
178.545000,-69.231972
178.564000,-70.361336
178.584000,-68.900543
178.604000,-72.859749
178.624000,-72.480583
178.644000,-72.794983
178.665000,-73.584679
178.685000,-72.080208
178.704000,-76.619286
178.724000,-77.068596
178.745000,-80.443611
178.765000,-79.165535
178.784000,-81.078415
178.804000,-95.615311
178.824000,-91.220825
178.844000,-74.723663
178.865000,-71.389885
178.885000,-77.499130
178.904000,-70.103638
178.924000,-75.337204
178.944000,-76.375664
178.964000,-72.075417
178.984000,-74.277519
179.004000,-73.964439
179.024000,-69.925659
179.044000,-69.377823
179.065000,-69.267334
179.084000,-70.044167
179.104000,-68.498619
179.124000,-68.308037
179.147000,-70.398865
179.165000,-69.824341
179.184000,-74.575668
179.204000,-71.178741
179.224000,-89.476830
179.245000,-84.270325
179.265000,-73.474899
179.284000,-81.592079
179.304000,-80.396194
179.324000,-78.359024
179.344000,-80.222786
179.364000,-80.085182
179.384000,-76.022377
179.404000,-78.410309
179.424000,-85.196243
179.445000,-75.655060
179.465000,-84.459137
179.484000,-75.291710
179.504000,-78.242546
179.524000,-72.962708
179.544000,-70.394386
179.564000,-68.167046
179.584000,-68.722458
179.604000,-68.671104
179.624000,-67.809135
179.644000,-65.412323
179.664000,-64.221291
179.684000,-64.194489
179.704000,-64.250359
179.724000,-62.365456
179.745000,-63.380230
179.764000,-62.970798
179.784000,-61.742901
179.804000,-62.513298
179.824000,-62.705315
179.844000,-62.735260
179.865000,-61.337803
179.884000,-61.019978
179.904000,-61.999599
179.924000,-60.993904
179.944000,-59.396881
179.965000,-59.655510
179.984000,-60.256012
180.004000,-59.147713
180.024000,-58.919407
180.045000,-60.357784
180.065000,-60.024433
180.084000,-59.234001
180.104000,-59.807869
180.124000,-59.204105
180.145000,-59.088150
180.165000,-58.939857
180.185000,-59.540932
180.204000,-60.098831
180.224000,-59.200718
180.244000,-58.967323
180.264000,-57.754066
180.284000,-57.979313
180.304000,-57.682655
180.324000,-57.972385
180.344000,-57.258003
180.365000,-57.296009
180.384000,-57.569859
180.404000,-57.602608
180.424000,-58.373413
180.444000,-58.019264
180.465000,-58.412792
180.485000,-58.155872
180.504000,-59.154289
180.524000,-59.502171
180.545000,-58.658901
180.565000,-59.540695
180.584000,-59.639359
180.604000,-60.286640
180.624000,-60.562012
180.645000,-60.727852
180.665000,-60.714771
180.684000,-60.334652
180.704000,-60.740452
180.724000,-60.251282
180.745000,-59.651035
180.765000,-61.240353
180.784000,-60.461403
180.804000,-60.709148
180.824000,-60.982227
180.845000,-59.458942
180.864000,-60.390060
180.884000,-60.592373
180.904000,-59.964211
180.924000,-59.938793
180.944000,-60.158611
180.965000,-60.552166
180.984000,-59.367828
181.004000,-60.274994
181.024000,-60.419960
181.044000,-59.360115
181.065000,-59.746933
181.085000,-60.065956
181.104000,-60.562222
181.124000,-59.732796
181.145000,-60.888416
181.165000,-60.956505
181.184000,-59.643173
181.204000,-59.913952
181.224000,-60.371700
181.245000,-60.001938
181.265000,-60.775852
181.284000,-60.164516
181.304000,-60.377674
181.324000,-60.950100
181.344000,-60.478634
181.365000,-59.540157
181.384000,-59.695541
181.404000,-60.411327
181.424000,-60.627754
181.444000,-58.845791
181.465000,-59.242531
181.484000,-59.528122
181.504000,-58.801979
181.524000,-59.052036
181.545000,-58.776302
181.565000,-60.034344
181.584000,-59.470470
181.604000,-58.980110
181.624000,-59.472229
181.645000,-59.012028
181.665000,-59.804882
181.684000,-59.822399
181.704000,-59.794315
181.724000,-59.268444
181.744000,-60.170986
181.765000,-60.067234
181.784000,-60.337997
181.804000,-60.818783
181.824000,-60.336269
181.845000,-61.480907
181.865000,-60.420776
181.884000,-60.086926
181.904000,-59.283096
181.924000,-59.086746
181.945000,-59.491348
181.964000,-58.972466
181.984000,-60.227104
182.004000,-58.658527
182.024000,-59.356556
182.045000,-59.610016
182.064000,-59.070835
182.084000,-58.911758
182.104000,-58.495983
182.124000,-58.545334
182.145000,-57.892399
182.164000,-59.059597
182.184000,-58.037529
182.204000,-57.572502
182.224000,-58.408447
182.245000,-58.153236
182.265000,-57.609741
182.285000,-57.947803
182.304000,-58.091587
182.324000,-58.336205
182.345000,-58.467701
182.364000,-58.468208
